"","id","s_g3","r_g3","m_g3","s_g5","r_g5","m_g5","s_g8","r_g8","m_g8","st_g3","rt_g3","mt_g3","st_g5","rt_g5","mt_g5","st_g8","rt_g8","mt_g8"
"1",1,NA,NA,NA,NA,NA,NA,NA,NA,NA,NA,NA,NA,NA,NA,NA,NA,NA,NA
"2",3,NA,NA,NA,NA,NA,NA,NA,NA,NA,NA,NA,NA,NA,NA,NA,NA,NA,NA
"3",8,NA,NA,NA,NA,NA,NA,103.9,204.1,166.67,NA,NA,NA,NA,NA,NA,2.236,1.987,2.041
"4",16,51.57,142.18,115.59,65.94,141.02,133.67,86.9,169.83,156.67,-0.241,1.413,1.601,0.476,1.161,1.512,0.95,1.243,1.704
"5",28,NA,NA,NA,NA,NA,NA,NA,NA,NA,NA,NA,NA,NA,NA,NA,NA,NA,NA
"6",44,NA,NA,NA,NA,NA,NA,NA,NA,NA,NA,NA,NA,NA,NA,NA,NA,NA,NA
"7",46,72.09,154.43,96.87,79.44,170.57,116.28,89.08,192.07,132.4,0.592,1.639,1.284,1.224,1.599,1.177,1.065,1.586,1.23
"8",62,34.71,106.4,87.86,47.44,145.72,104.68,NA,NA,NA,-0.966,1.127,1.124,-0.485,1.183,1.097,NA,NA,NA
"9",66,NA,NA,NA,NA,NA,NA,NA,NA,NA,NA,NA,NA,NA,NA,NA,NA,NA,NA
"10",74,62.94,126.06,92.47,73.7,145.17,124.73,92.67,193.43,133.93,0.171,1.26,1.222,0.902,1.209,1.377,1.274,1.617,1.256
"11",94,NA,NA,NA,NA,NA,NA,NA,NA,NA,NA,NA,NA,NA,NA,NA,NA,NA,NA
"12",104,70.64,177.93,126.34,73.75,181.97,139.79,98.7,205.78,161.74,0.532,1.985,1.81,0.942,1.779,1.62,1.7,2.092,1.846
"13",109,37.67,148.55,123.14,61.79,153.74,144.3,91.76,194.18,161.08,-0.844,1.6,1.713,0.274,1.355,1.685,1.219,1.634,1.826
"14",117,44.89,91.68,59.16,50.37,129.08,89.53,73.86,144.49,100.7,-0.503,0.834,0.526,-0.317,1.035,0.801,0.351,0.973,0.755
"15",137,51.83,126.17,116.08,NA,NA,NA,NA,NA,NA,-0.243,1.307,1.583,NA,NA,NA,NA,NA,NA
"16",139,49.66,126.11,106.2,63.76,162.55,142.27,90.5,187.13,142.88,-0.321,1.293,1.456,0.374,1.383,1.718,1.145,1.49,1.414
"17",158,NA,NA,NA,NA,NA,NA,NA,NA,NA,NA,NA,NA,NA,NA,NA,NA,NA,NA
"18",169,65.21,104.73,82.73,80.64,137.23,128.24,78.09,162.72,133.41,0.275,1.003,1.028,1.347,1.095,1.358,0.532,1.16,1.247
"19",178,69.62,162.09,121.41,84.41,183.65,155.22,98.12,180.64,166.85,0.474,1.778,1.691,1.574,1.831,2.033,1.654,1.386,2.05
"20",183,71.19,170.95,110.04,87.26,191.1,137.07,98.63,202.88,162.29,0.533,1.925,1.519,1.694,1.878,1.618,1.695,1.925,1.864
"21",203,35.68,105.29,71.69,54.16,130.09,103.39,NA,NA,NA,-1.059,1.001,0.813,-0.14,1.034,0.946,NA,NA,NA
"22",211,33.16,NA,48.77,36.65,84.23,73.39,NA,NA,NA,-1.294,NA,0.199,-1.087,0.438,0.588,NA,NA,NA
"23",218,44.17,105.35,86.34,NA,NA,NA,NA,NA,NA,-0.544,1.026,1.089,NA,NA,NA,NA,NA,NA
"24",229,38.89,105.32,54.03,44.4,133.37,118.5,96.82,164.55,120.01,-0.783,1.027,0.376,-0.611,1.101,1.25,1.553,1.18,1.032
"25",231,29.86,104.34,73.83,42.85,146.3,115.21,87.84,155.85,139.62,-1.226,0.989,0.862,-0.702,1.212,1.162,0.999,1.086,1.355
"26",251,NA,NA,NA,NA,NA,NA,NA,NA,NA,NA,NA,NA,NA,NA,NA,NA,NA,NA
"27",260,42.9,NA,58.47,NA,NA,NA,NA,NA,NA,-0.587,NA,0.509,NA,NA,NA,NA,NA,NA
"28",264,46.68,126.42,102.15,58.05,147.58,140.28,70.44,133.12,139.42,-0.441,1.384,1.368,0.05,1.25,1.634,0.212,0.866,1.351
"29",268,45.76,70.28,70.44,59.7,106,80.1,67.08,106.45,93.55,-0.461,0.409,0.795,0.156,0.774,0.621,0.078,0.609,0.658
"30",280,76.09,110.37,110.49,83.13,181.63,141.55,98.57,187.33,157.7,0.672,1.194,1.521,1.383,1.741,1.7,1.69,1.493,1.73
"31",283,75.25,NA,72.12,84.37,122.39,89.02,79.44,181.74,103.63,0.612,NA,0.832,1.493,0.933,0.793,0.592,1.402,0.795
"32",291,53.83,95.78,84.37,NA,NA,NA,NA,NA,NA,-0.117,0.897,1.052,NA,NA,NA,NA,NA,NA
"33",314,77.45,164.46,113.17,79.45,181.31,143.54,104.09,195.89,168.16,0.813,1.787,1.568,1.222,1.72,1.782,2.262,1.678,2.124
"34",323,50.74,162.85,129.98,NA,NA,NA,NA,NA,NA,-0.333,1.753,1.89,NA,NA,NA,NA,NA,NA
"35",326,66.35,168.64,127.23,82.24,182.21,155.97,104.01,205.56,169.19,0.341,1.93,1.795,1.469,1.793,2.033,2.25,2.076,2.195
"36",328,58.12,165.89,123.09,72.96,164.26,119.21,97.85,185.77,156.65,-0.002,1.863,1.709,0.884,1.446,1.268,1.632,1.466,1.704
"37",335,NA,NA,NA,NA,NA,NA,NA,NA,NA,NA,NA,NA,NA,NA,NA,NA,NA,NA
"38",357,67.04,127.47,112.18,84.19,171.32,134.92,95.78,200.37,155.69,0.404,1.33,1.541,1.465,1.559,1.597,1.478,1.819,1.68
"39",362,51.89,126.27,87.38,71.52,158.42,101.94,91.94,170.2,132.79,-0.289,1.318,1.109,0.81,1.389,1.01,1.229,1.247,1.237
"40",365,56.63,114.74,115.88,68.7,152.24,141.53,96.73,191.37,153,-0.051,1.173,1.63,0.623,1.33,1.701,1.546,1.571,1.618
"41",380,65.66,158.57,126.62,84.01,182.95,139.86,91.37,194.77,160.66,0.298,1.706,1.79,1.531,1.805,1.635,1.195,1.649,1.813
"42",391,60.24,133.42,120.7,NA,NA,NA,NA,NA,NA,0.1,1.397,1.683,NA,NA,NA,NA,NA,NA
"43",397,NA,NA,NA,NA,NA,NA,NA,NA,NA,NA,NA,NA,NA,NA,NA,NA,NA,NA
"44",405,NA,NA,NA,NA,NA,NA,NA,NA,NA,NA,NA,NA,NA,NA,NA,NA,NA,NA
"45",408,43.91,124.96,88.53,NA,NA,NA,NA,NA,NA,-0.563,1.286,1.138,NA,NA,NA,NA,NA,NA
"46",490,42.26,105.58,58.91,50.63,141.74,90.26,59.07,142.39,94.37,-0.615,1.027,0.519,-0.29,1.14,0.821,-0.23,0.953,0.669
"47",529,32.94,86.18,82.11,NA,NA,NA,63.07,144.66,121.38,-1.069,0.737,1.026,NA,NA,NA,-0.077,0.975,1.053
"48",530,26.5,104.65,79.06,36.37,122.3,104.32,NA,NA,NA,-1.456,1,0.993,-1.087,0.913,1.073,NA,NA,NA
"49",537,59.65,162.86,130.51,68.08,173.47,156.93,NA,NA,NA,0.076,1.756,1.829,0.539,1.605,2.08,NA,NA,NA
"50",544,44.81,125.74,60.31,53.36,158.21,72.62,64.99,179.65,127.96,-0.503,1.306,0.557,-0.178,1.394,0.566,-0.003,1.372,1.157
"51",550,38.57,102.19,88.21,47.77,123.04,112.44,NA,NA,NA,-0.774,1.001,1.137,-0.475,0.932,1.113,NA,NA,NA
"52",551,57.09,157.11,122.25,72.53,186.34,146.61,100.61,200.77,162.79,-0.007,1.575,1.714,0.85,1.83,1.833,1.87,1.834,1.881
"53",578,NA,NA,NA,NA,NA,NA,NA,NA,NA,NA,NA,NA,NA,NA,NA,NA,NA,NA
"54",606,41.03,110.16,103.58,51.06,160.1,128.18,80.63,191.06,155.98,-0.656,1.181,1.39,-0.255,1.396,1.437,0.646,1.565,1.687
"55",610,43.7,125.02,89.15,74.96,137.19,129.97,99.28,192.9,103.49,-0.541,1.219,1.171,0.98,1.136,1.403,1.75,1.604,0.793
"56",618,38.68,126.09,57.69,43.49,124.99,76.38,54.19,99.96,99.7,-0.77,1.27,0.487,-0.696,0.984,0.546,-0.418,0.539,0.741
"57",620,62.59,132.1,105.99,71.68,166.23,149.98,92.1,191.29,131.73,0.199,1.366,1.439,0.81,1.464,1.808,1.239,1.569,1.219
"58",627,55.17,87.91,65.51,58.17,142.52,106.63,78.41,160.87,133.04,-0.092,0.791,0.703,0.084,1.146,1.029,0.546,1.139,1.241
"59",644,NA,NA,NA,NA,NA,NA,NA,NA,NA,NA,NA,NA,NA,NA,NA,NA,NA,NA
"60",667,19.44,55.93,45.69,NA,NA,NA,NA,NA,NA,-2.157,0.015,0.08,NA,NA,NA,NA,NA,NA
"61",674,NA,NA,NA,NA,NA,NA,NA,NA,NA,NA,NA,NA,NA,NA,NA,NA,NA,NA
"62",678,75.64,181.31,143.2,91.33,191.82,158.97,106.84,202.45,166.95,0.75,2.069,2.152,2.031,1.998,2.147,2.73,1.905,2.055
"63",694,72.98,147.56,117.27,80.65,166.65,143.87,NA,NA,NA,0.539,1.593,1.665,1.252,1.468,1.784,NA,NA,NA
"64",713,48.35,151.47,144.45,69.92,155.88,156.81,101.38,196.85,168.75,-0.375,1.616,2.161,0.654,1.373,2.073,1.946,1.705,2.162
"65",716,NA,NA,NA,NA,NA,NA,NA,NA,NA,NA,NA,NA,NA,NA,NA,NA,NA,NA
"66",734,NA,NA,NA,NA,NA,NA,NA,NA,NA,NA,NA,NA,NA,NA,NA,NA,NA,NA
"67",740,45.37,120.29,73.66,62.84,147.29,115.23,NA,NA,NA,-0.5,1.207,0.856,0.292,1.211,1.176,NA,NA,NA
"68",745,55.14,125.53,104.34,73.04,166.39,130.51,92.29,168.1,157.45,-0.097,1.229,1.419,0.876,1.504,1.425,1.251,1.222,1.724
"69",750,40.04,135.06,113.51,51.4,128.7,142.44,86.02,168.38,137.62,-0.781,1.391,1.584,-0.229,1.015,1.788,0.905,1.225,1.32
"70",752,52.8,126.81,87.9,73.58,154.85,101.01,86.82,179.04,134.71,-0.214,1.354,1.131,0.906,1.318,0.991,0.945,1.363,1.269
"71",755,42.88,122.85,101.17,69.93,150.11,134.03,100.67,183.91,153.42,-0.592,1.201,1.369,0.697,1.319,1.525,1.876,1.436,1.627
"72",759,65.42,147.55,105.45,78.29,168.03,135.87,99.32,192.48,154,0.29,1.595,1.457,1.146,1.557,1.636,1.753,1.595,1.64
"73",766,NA,NA,NA,NA,NA,NA,NA,NA,NA,NA,NA,NA,NA,NA,NA,NA,NA,NA
"74",768,58.33,105.8,104.34,64.49,126.85,149.34,89.58,176.55,166.13,0.021,1.051,1.415,0.407,0.991,1.872,1.093,1.329,2.015
"75",769,40.93,112.36,110.55,52.12,132.33,124.97,NA,NA,NA,-0.682,1.156,1.531,-0.23,1.097,1.368,NA,NA,NA
"76",773,63.76,163.55,131.55,72.38,180.8,150.53,99.71,201.1,169.15,0.257,1.722,1.926,0.816,1.7,1.817,1.787,1.847,2.191
"77",808,NA,NA,NA,NA,NA,NA,NA,NA,NA,NA,NA,NA,NA,NA,NA,NA,NA,NA
"78",819,NA,NA,NA,NA,NA,NA,NA,NA,NA,NA,NA,NA,NA,NA,NA,NA,NA,NA
"79",822,49.13,127.12,128.1,64.43,160.53,160.75,NA,NA,NA,-0.35,1.394,1.828,0.433,1.399,2.252,NA,NA,NA
"80",827,62.63,145.92,81.21,73.29,169.22,129.73,NA,NA,NA,0.171,1.518,1.012,0.918,1.577,1.477,NA,NA,NA
"81",837,NA,NA,NA,NA,NA,NA,NA,NA,NA,NA,NA,NA,NA,NA,NA,NA,NA,NA
"82",865,72.59,126.81,103.08,77.51,167.46,126.67,100.12,188.39,152.46,0.485,1.377,1.38,1.095,1.483,1.388,1.824,1.513,1.606
"83",881,48.69,152.24,81.5,76.56,163.28,114.41,94.54,186.19,113.56,-0.337,1.676,1.019,1.009,1.431,1.171,1.394,1.473,0.935
"84",895,33.24,142.9,109.29,51.53,124.61,130.61,69.48,110.58,142.18,-1.084,1.437,1.476,-0.285,0.968,1.511,0.173,0.651,1.401
"85",910,51.56,162.76,118.52,78.56,174.16,140.29,103.99,206.69,167.3,-0.245,1.775,1.653,1.227,1.604,1.632,2.248,2.161,2.074
"86",927,66.76,122.29,101.84,73.1,145.59,136.33,103.88,183.37,165.01,0.342,1.24,1.345,0.883,1.229,1.569,2.234,1.427,1.965
"87",939,55.77,164.64,124.61,72.31,184.78,142.82,92.42,200.12,161.25,-0.109,1.791,1.76,0.833,1.78,1.687,1.258,1.81,1.831
"88",941,56.39,125.1,106.41,76.76,142.99,140.38,NA,NA,NA,-0.082,1.304,1.452,1.111,1.135,1.649,NA,NA,NA
"89",948,26.59,101.24,63.54,42.51,128.86,85.26,75.46,158.51,140.68,-1.461,0.991,0.644,-0.739,1.054,0.795,0.418,1.114,1.374
"90",960,NA,NA,NA,NA,NA,NA,NA,NA,NA,NA,NA,NA,NA,NA,NA,NA,NA,NA
"91",968,NA,NA,NA,NA,NA,NA,NA,NA,NA,NA,NA,NA,NA,NA,NA,NA,NA,NA
"92",971,27.64,85.42,74.82,38.55,103.54,104.35,83.43,130.35,110.01,-1.379,0.74,0.883,-0.954,0.74,0.98,0.777,0.84,0.884
"93",975,48.55,109.58,82.03,67.94,139.28,122.13,79.79,182.6,147.79,-0.355,1.137,1.026,0.549,1.116,1.34,0.607,1.415,1.509
"94",976,NA,NA,NA,NA,NA,NA,NA,NA,NA,NA,NA,NA,NA,NA,NA,NA,NA,NA
"95",985,NA,NA,NA,NA,NA,NA,NA,NA,NA,NA,NA,NA,NA,NA,NA,NA,NA,NA
"96",990,55.21,127.21,111.08,NA,NA,NA,NA,NA,NA,-0.092,1.364,1.534,NA,NA,NA,NA,NA,NA
"97",995,45.77,150.98,136.31,56.41,147.91,148.43,95.78,194.16,165.02,-0.471,1.637,2.01,-0.04,1.225,1.874,1.478,1.634,1.966
"98",997,34.84,104.51,77.43,45.47,144.42,112.63,77.67,143.71,121.36,-0.979,0.991,0.966,-0.58,1.158,1.121,0.514,0.966,1.053
"99",1014,38.98,124.73,99.43,52.82,147.32,139.95,79.51,183.63,154.36,-0.767,1.244,1.308,-0.177,1.277,1.614,0.595,1.431,1.649
"100",1018,31.05,83.5,57.83,38.54,124.63,86.23,40.44,140.29,106.48,-1.16,0.717,0.482,-0.976,0.97,0.736,-0.982,0.933,0.834
"101",1052,38.55,105.63,88.13,56.57,153.08,129.06,NA,NA,NA,-0.785,1.035,1.133,0.027,1.3,1.371,NA,NA,NA
"102",1054,42.09,106.25,63.58,45.24,129.24,80.22,72.33,148.19,119.45,-0.648,1.138,0.645,-0.609,1.058,0.728,0.288,1.009,1.023
"103",1055,59.74,162.26,114.54,69.25,175.23,141.28,89.97,202.13,158.9,0.046,1.715,1.582,0.67,1.66,1.659,1.115,1.89,1.762
"104",1082,29.12,91.22,58.77,47.01,125.99,100.58,57.89,98.86,103.23,-1.276,0.841,0.514,-0.499,0.999,0.961,-0.275,0.526,0.79
"105",1084,NA,NA,NA,NA,NA,NA,NA,NA,NA,NA,NA,NA,NA,NA,NA,NA,NA,NA
"106",1114,NA,NA,NA,NA,NA,NA,NA,NA,NA,NA,NA,NA,NA,NA,NA,NA,NA,NA
"107",1119,32.09,123.04,93.33,31.12,146.8,104.96,49.35,160.67,112.29,-1.121,1.22,1.233,-1.454,1.199,1.004,-0.608,1.137,0.917
"108",1135,NA,NA,NA,NA,NA,NA,NA,NA,NA,NA,NA,NA,NA,NA,NA,NA,NA,NA
"109",1147,NA,NA,NA,NA,NA,NA,NA,NA,NA,NA,NA,NA,NA,NA,NA,NA,NA,NA
"110",1150,54.36,115.66,112.76,62.37,144.76,146.11,96.65,184.22,159.28,-0.128,1.18,1.557,0.251,1.175,1.826,1.54,1.441,1.773
"111",1165,70.09,170.08,130.53,88.1,185.23,159.11,100.21,198.81,158.81,0.506,1.802,1.906,1.864,1.859,2.136,1.833,1.765,1.76
"112",1167,NA,NA,NA,NA,NA,NA,NA,NA,NA,NA,NA,NA,NA,NA,NA,NA,NA,NA
"113",1171,45.2,153.8,108.53,60.48,177.4,138.89,78.77,150.81,155.72,-0.508,1.536,1.48,0.164,1.622,1.595,0.562,1.035,1.681
"114",1175,75.19,165.66,130.07,81.52,165.85,148.12,103.96,203.79,153.42,0.664,1.807,1.893,1.281,1.481,1.878,2.244,1.971,1.627
"115",1181,NA,NA,NA,NA,NA,NA,NA,NA,NA,NA,NA,NA,NA,NA,NA,NA,NA,NA
"116",1188,69.91,147.03,89.58,NA,NA,NA,NA,NA,NA,0.477,1.547,1.173,NA,NA,NA,NA,NA,NA
"117",1198,80.39,162.83,151.28,91.01,181.73,156.91,105.86,205.91,165.36,0.921,1.728,2.371,1.938,1.705,2.147,2.536,2.1,1.98
"118",1209,74.3,148.66,147.91,82.55,176.93,157.98,104.47,197.34,168.85,0.674,1.595,2.264,1.44,1.674,2.109,2.314,1.719,2.17
"119",1255,NA,NA,NA,NA,NA,NA,NA,NA,NA,NA,NA,NA,NA,NA,NA,NA,NA,NA
"120",1267,NA,NA,NA,NA,NA,NA,NA,NA,NA,NA,NA,NA,NA,NA,NA,NA,NA,NA
"121",1271,60.89,145.6,81.84,NA,NA,NA,NA,NA,NA,0.099,1.449,1.024,NA,NA,NA,NA,NA,NA
"122",1276,65.09,166.08,144.39,72.42,179.58,145.96,96.86,204.05,162.57,0.287,1.85,2.197,0.818,1.631,1.833,1.557,1.985,1.874
"123",1284,45.41,103.45,68.95,40.26,128.48,91.12,78.16,161.03,136.01,-0.521,0.975,0.773,-0.903,1.015,0.841,0.535,1.141,1.292
"124",1287,73.56,170.65,141.03,91.92,181.37,153.11,106.16,203.45,167.04,0.603,1.894,2.028,2.058,1.747,2.062,2.591,1.953,2.06
"125",1312,NA,NA,NA,NA,NA,NA,NA,NA,NA,NA,NA,NA,NA,NA,NA,NA,NA,NA
"126",1318,NA,NA,NA,NA,NA,NA,NA,NA,NA,NA,NA,NA,NA,NA,NA,NA,NA,NA
"127",1321,NA,NA,NA,NA,NA,NA,NA,NA,NA,NA,NA,NA,NA,NA,NA,NA,NA,NA
"128",1327,48.93,127.95,107.89,64.04,168.07,129.42,87.4,185.96,157.97,-0.35,1.277,1.491,0.328,1.555,1.469,0.975,1.469,1.737
"129",1329,NA,NA,NA,NA,NA,NA,NA,NA,NA,NA,NA,NA,NA,NA,NA,NA,NA,NA
"130",1330,56.06,112.98,103.88,73.37,148.02,119.15,92.63,162.26,134.83,-0.062,1.16,1.418,0.844,1.258,1.284,1.271,1.155,1.271
"131",1335,48.36,147.48,103.72,71.17,176.68,140.28,86.36,171.06,150.77,-0.398,1.599,1.398,0.791,1.624,1.635,0.921,1.258,1.569
"132",1344,NA,NA,NA,NA,NA,NA,NA,NA,NA,NA,NA,NA,NA,NA,NA,NA,NA,NA
"133",1354,56.94,149.99,123.27,84.5,187.37,154.32,95.27,194.83,160.46,-0.024,1.63,1.774,1.515,1.881,2.01,1.443,1.651,1.807
"134",1362,62.84,135.08,118.12,73.27,166.03,138.59,92.95,183.59,160.52,0.215,1.43,1.619,0.857,1.493,1.603,1.291,1.431,1.809
"135",1398,40.07,123.75,80.17,52.29,137.23,107.41,81.56,164.94,123.72,-0.708,1.217,1.005,-0.205,1.122,1.046,0.689,1.185,1.089
"136",1399,NA,NA,NA,NA,NA,NA,NA,NA,NA,NA,NA,NA,NA,NA,NA,NA,NA,NA
"137",1418,NA,NA,NA,NA,NA,NA,NA,NA,NA,NA,NA,NA,NA,NA,NA,NA,NA,NA
"138",1432,73.3,166.49,131.3,86.55,182.64,160.97,97.39,181.41,169.94,0.664,1.852,1.9,1.635,1.845,2.261,1.596,1.397,2.255
"139",1433,45.92,108.76,69.71,65.98,133.42,103.55,79.69,171.91,136.92,-0.501,1.173,0.784,0.463,1.063,1.054,0.603,1.268,1.307
"140",1437,46.79,124.24,83,65.55,148.28,107.02,97.09,178.32,141.53,-0.42,1.205,1.049,0.431,1.276,1.159,1.574,1.353,1.389
"141",1440,64.82,159.09,131.77,75.98,182.99,165.22,100.11,198.27,169.21,0.329,1.696,1.916,1.01,1.758,2.337,1.824,1.747,2.196
"142",1465,NA,NA,NA,NA,NA,NA,NA,NA,NA,NA,NA,NA,NA,NA,NA,NA,NA,NA
"143",1468,42.65,116.41,69.11,64.36,142.94,100.17,58.25,156.3,117.75,-0.612,1.177,0.774,0.366,1.174,0.98,-0.262,1.091,0.997
"144",1482,42.2,146.9,76.05,54.85,165.75,101.65,82.83,198.12,136.2,-0.683,1.574,0.931,-0.065,1.442,1.003,0.748,1.743,1.295
"145",1486,66.27,160.06,113.97,67.8,167.7,133.03,72.16,194.08,148.55,0.355,1.745,1.55,0.573,1.52,1.487,0.281,1.632,1.524
"146",1499,39.73,107.82,58.86,NA,NA,NA,72.73,163.64,128.65,-0.742,1.098,0.517,NA,NA,NA,0.305,1.17,1.168
"147",1512,47.03,106.48,106.82,28.91,125.38,83.55,72.32,128.6,117.11,-0.448,1.067,1.476,-1.62,0.988,0.681,0.288,0.824,0.988
"148",1515,22.1,89.74,74.6,29.76,108.29,86.45,51.55,95.66,87.43,-1.811,0.816,0.874,-1.559,0.813,0.73,-0.52,0.489,0.574
"149",1520,NA,NA,NA,NA,NA,NA,NA,NA,NA,NA,NA,NA,NA,NA,NA,NA,NA,NA
"150",1533,NA,NA,NA,NA,NA,NA,NA,NA,NA,NA,NA,NA,NA,NA,NA,NA,NA,NA
"151",1538,77.7,147.42,145.23,85.53,183.31,165.81,106.69,204.48,164.44,0.819,1.487,2.209,1.505,1.821,2.375,2.698,2.009,1.942
"152",1562,26.08,73.46,56.34,24.22,125.93,81.59,68.1,116.05,115,-1.496,0.544,0.449,-2.069,0.945,0.649,0.118,0.705,0.957
"153",1584,NA,NA,NA,NA,NA,NA,NA,NA,NA,NA,NA,NA,NA,NA,NA,NA,NA,NA
"154",1589,22.18,101.42,72.83,32.33,124.52,93.55,NA,NA,NA,-1.815,0.955,0.837,-1.375,0.966,0.892,NA,NA,NA
"155",1592,NA,NA,NA,NA,NA,NA,NA,NA,NA,NA,NA,NA,NA,NA,NA,NA,NA,NA
"156",1600,NA,NA,NA,NA,NA,NA,NA,NA,NA,NA,NA,NA,NA,NA,NA,NA,NA,NA
"157",1607,49.23,153.76,101.39,50.19,167.42,108.37,NA,NA,NA,-0.342,1.64,1.339,-0.284,1.535,1.176,NA,NA,NA
"158",1623,NA,NA,NA,NA,NA,NA,NA,NA,NA,NA,NA,NA,NA,NA,NA,NA,NA,NA
"159",1624,NA,NA,NA,NA,NA,NA,NA,NA,NA,NA,NA,NA,NA,NA,NA,NA,NA,NA
"160",1630,NA,NA,NA,NA,NA,NA,NA,NA,NA,NA,NA,NA,NA,NA,NA,NA,NA,NA
"161",1633,NA,NA,NA,NA,NA,NA,NA,NA,NA,NA,NA,NA,NA,NA,NA,NA,NA,NA
"162",1635,NA,NA,NA,NA,NA,NA,NA,NA,NA,NA,NA,NA,NA,NA,NA,NA,NA,NA
"163",1644,27.6,105.7,64.32,NA,NA,NA,NA,NA,NA,-1.383,1.036,0.667,NA,NA,NA,NA,NA,NA
"164",1651,NA,NA,NA,NA,NA,NA,NA,NA,NA,NA,NA,NA,NA,NA,NA,NA,NA,NA
"165",1652,24.29,90.89,52.57,NA,NA,NA,NA,NA,NA,-1.642,0.898,0.325,NA,NA,NA,NA,NA,NA
"166",1698,27.45,63.92,56.05,NA,NA,NA,NA,NA,NA,-1.4,0.238,0.439,NA,NA,NA,NA,NA,NA
"167",1704,23.45,86.34,56.71,NA,NA,NA,NA,NA,NA,-1.713,0.758,0.466,NA,NA,NA,NA,NA,NA
"168",1710,34.05,105.71,81.06,43.63,145.01,118.2,75.55,135.27,124.3,-0.987,1.035,1.017,-0.669,1.178,1.242,0.422,0.886,1.099
"169",1718,56.09,108.87,102.16,63.6,139.21,110.3,62.54,183.83,127.83,-0.052,1.097,1.357,0.327,1.116,1.183,-0.097,1.435,1.155
"170",1728,NA,NA,NA,NA,NA,NA,NA,NA,NA,NA,NA,NA,NA,NA,NA,NA,NA,NA
"171",1731,62.26,146.3,114.03,87.68,163.77,153.36,102.73,197.11,168.14,0.187,1.445,1.558,1.675,1.429,1.967,2.092,1.712,2.123
"172",1737,NA,NA,NA,NA,NA,NA,NA,NA,NA,NA,NA,NA,NA,NA,NA,NA,NA,NA
"173",1747,34.81,129.15,97.06,67.09,163.81,130.94,73.41,151.74,120.29,-0.984,1.357,1.286,0.554,1.406,1.519,0.333,1.044,1.036
"174",1760,42.91,125.18,104.97,NA,NA,NA,NA,NA,NA,-0.581,1.218,1.426,NA,NA,NA,NA,NA,NA
"175",1763,53.73,149.1,109.44,71.46,158.06,143.92,96.79,183.7,160.36,-0.123,1.488,1.514,0.739,1.382,1.844,1.551,1.432,1.804
"176",1766,NA,NA,NA,NA,NA,NA,NA,NA,NA,NA,NA,NA,NA,NA,NA,NA,NA,NA
"177",1817,NA,NA,NA,NA,NA,NA,NA,NA,NA,NA,NA,NA,NA,NA,NA,NA,NA,NA
"178",1819,NA,NA,NA,NA,NA,NA,NA,NA,NA,NA,NA,NA,NA,NA,NA,NA,NA,NA
"179",1821,54.46,123.27,93.59,72.11,147.47,109.93,NA,NA,NA,-0.127,1.229,1.241,0.78,1.229,1.084,NA,NA,NA
"180",1831,NA,NA,NA,NA,NA,NA,NA,NA,NA,NA,NA,NA,NA,NA,NA,NA,NA,NA
"181",1836,NA,NA,NA,NA,NA,NA,NA,NA,NA,NA,NA,NA,NA,NA,NA,NA,NA,NA
"182",1837,NA,NA,NA,NA,NA,NA,NA,NA,NA,NA,NA,NA,NA,NA,NA,NA,NA,NA
"183",1843,NA,NA,NA,NA,NA,NA,NA,NA,NA,NA,NA,NA,NA,NA,NA,NA,NA,NA
"184",1845,58.56,130.35,102.69,65.43,152.26,140.92,82.41,199.41,149.57,0.009,1.38,1.364,0.474,1.296,1.652,0.728,1.785,1.545
"185",1870,20.6,61.16,65.65,NA,NA,NA,NA,NA,NA,-1.986,0.178,0.707,NA,NA,NA,NA,NA,NA
"186",1899,NA,NA,NA,NA,NA,NA,NA,NA,NA,NA,NA,NA,NA,NA,NA,NA,NA,NA
"187",1914,51.96,135.42,123.69,68.57,166.56,151.12,99.19,190.53,153.08,-0.249,1.395,1.737,0.625,1.508,1.963,1.742,1.554,1.62
"188",1917,35.44,106.57,103.73,42.89,146.82,133.15,NA,NA,NA,-0.957,1.113,1.391,-0.727,1.225,1.508,NA,NA,NA
"189",1927,50.04,125.28,110.31,47.12,108.29,97.69,NA,NA,NA,-0.302,1.285,1.534,-0.492,0.843,0.914,NA,NA,NA
"190",1934,70.27,146.57,120.53,86.32,186.2,159.04,102.44,189.73,167.86,0.504,1.427,1.685,1.669,1.794,2.141,2.059,1.538,2.106
"191",1938,NA,NA,NA,NA,NA,NA,NA,NA,NA,NA,NA,NA,NA,NA,NA,NA,NA,NA
"192",1952,NA,NA,NA,NA,NA,NA,NA,NA,NA,NA,NA,NA,NA,NA,NA,NA,NA,NA
"193",1954,NA,NA,NA,NA,NA,NA,NA,NA,NA,NA,NA,NA,NA,NA,NA,NA,NA,NA
"194",1959,NA,103.75,NA,NA,NA,NA,NA,NA,NA,NA,0.978,NA,NA,NA,NA,NA,NA,NA
"195",1976,54.03,127.7,109.3,72.98,151.16,130.59,91.38,199.79,152.62,-0.135,1.385,1.487,0.82,1.282,1.477,1.196,1.798,1.609
"196",1996,56.49,109.87,90.17,65.8,144.89,127.46,89.6,128.37,145.6,-0.039,1.134,1.196,0.388,1.177,1.347,1.094,0.822,1.466
"197",2022,45.78,147.23,88.84,46.07,159.71,112.89,62.04,109.3,95.9,-0.469,1.529,1.153,-0.523,1.377,1.138,-0.117,0.638,0.69
"198",2023,63.49,114.72,74.99,71.7,134.96,103.93,85.91,168.09,143.17,0.2,1.179,0.893,0.756,1.148,1.073,0.899,1.222,1.42
"199",2048,NA,NA,NA,NA,NA,NA,NA,NA,NA,NA,NA,NA,NA,NA,NA,NA,NA,NA
"200",2066,54.27,128.45,107.01,81.21,159.66,141.89,93.34,187.95,167.63,-0.12,1.402,1.472,1.41,1.396,1.658,1.315,1.504,2.092
"201",2071,76.61,165.95,135.83,91.14,166.62,158.17,103.1,203.02,171.04,0.745,1.84,2.019,1.96,1.454,2.099,2.136,1.932,2.368
"202",2083,75.39,175.13,130.72,90.51,182.35,149.67,102.96,195.22,159.69,0.669,2.037,1.881,1.969,1.793,1.915,2.119,1.661,1.784
"203",2091,48.74,122.74,97.67,NA,NA,NA,NA,NA,NA,-0.347,1.258,1.274,NA,NA,NA,NA,NA,NA
"204",2097,57.25,177.09,117.84,78.74,173.08,130.2,90.35,191.38,144.44,-0.041,1.935,1.609,1.124,1.555,1.5,1.136,1.571,1.443
"205",2102,61.21,178.57,140.85,86.95,182.22,150.39,93.72,205.21,160.86,0.124,1.942,2.113,1.675,1.818,1.92,1.34,2.053,1.819
"206",2105,NA,NA,NA,NA,NA,NA,NA,NA,NA,NA,NA,NA,NA,NA,NA,NA,NA,NA
"207",2115,66.34,159.68,118.03,74.79,171.94,132.05,NA,NA,NA,0.343,1.621,1.62,0.996,1.592,1.523,NA,NA,NA
"208",2123,53.43,148.56,114.22,NA,NA,NA,NA,NA,NA,-0.17,1.54,1.564,NA,NA,NA,NA,NA,NA
"209",2128,58.63,147.5,121.88,NA,NA,NA,NA,NA,NA,0.031,1.608,1.682,NA,NA,NA,NA,NA,NA
"210",2130,60.83,146.81,89.66,69.33,166.39,104.04,86.88,186.09,138.26,0.122,1.585,1.183,0.649,1.45,1.151,0.949,1.472,1.331
"211",2142,NA,NA,NA,NA,NA,NA,NA,NA,NA,NA,NA,NA,NA,NA,NA,NA,NA,NA
"212",2158,53.11,153.57,104.18,64.99,166.61,120.26,93.02,185.48,145.11,-0.19,1.631,1.413,0.41,1.517,1.303,1.295,1.461,1.456
"213",2163,NA,NA,NA,NA,NA,NA,NA,NA,NA,NA,NA,NA,NA,NA,NA,NA,NA,NA
"214",2187,44.85,152.18,107.86,67.24,149.07,133.22,NA,NA,NA,-0.511,1.565,1.504,0.477,1.33,1.557,NA,NA,NA
"215",2190,52.89,166.1,120.41,64.38,192.54,145.27,NA,NA,NA,-0.196,1.841,1.743,0.4,1.932,1.745,NA,NA,NA
"216",2199,54.98,137.88,116.69,NA,NA,NA,NA,NA,NA,-0.133,1.381,1.616,NA,NA,NA,NA,NA,NA
"217",2205,61.99,174.76,102.58,69.07,169.06,116.65,81.47,192.89,146.47,0.142,1.91,1.373,0.61,1.603,1.19,0.685,1.604,1.482
"218",2213,NA,NA,NA,NA,NA,NA,NA,NA,NA,NA,NA,NA,NA,NA,NA,NA,NA,NA
"219",2217,36.15,119.37,89.92,NA,NA,NA,NA,NA,NA,-0.892,1.194,1.191,NA,NA,NA,NA,NA,NA
"220",2233,19.66,65.23,57.22,36.76,71.39,72.35,NA,NA,NA,-2.119,0.291,0.473,-1.081,0.22,0.571,NA,NA,NA
"221",2240,23.61,NA,NA,NA,NA,NA,NA,NA,NA,-1.687,NA,NA,NA,NA,NA,NA,NA,NA
"222",2243,30.73,79.63,57.29,36.34,118.33,75.49,55.09,150.06,113.25,-1.199,0.661,0.475,-1.105,0.89,0.644,-0.383,1.027,0.931
"223",2255,75.43,149.87,121.03,92.21,176.28,152.84,103.7,202.41,143.46,0.744,1.598,1.723,2.03,1.618,1.939,2.21,1.903,1.425
"224",2274,64.4,151.05,115.44,82.43,182.75,152.14,101.29,201.08,167.77,0.226,1.671,1.585,1.485,1.731,1.875,1.936,1.846,2.1
"225",2277,56.37,125.96,91.03,69.94,147.21,131.92,NA,NA,NA,-0.072,1.279,1.223,0.682,1.222,1.545,NA,NA,NA
"226",2280,52.15,113.06,99.99,NA,NA,NA,NA,NA,NA,-0.226,1.166,1.319,NA,NA,NA,NA,NA,NA
"227",2287,56.7,126.37,87.97,NA,NA,NA,NA,NA,NA,-0.072,1.265,1.13,NA,NA,NA,NA,NA,NA
"228",2317,37.81,89.02,90.92,45.41,139.09,105.09,82.11,181.69,140.63,-0.82,0.846,1.219,-0.589,1.113,1.104,0.714,1.402,1.373
"229",2323,44.81,144.42,88.97,61.18,156.91,105.41,87.47,181.16,132.35,-0.519,1.524,1.163,0.218,1.384,1.006,0.979,1.394,1.229
"230",2336,37.06,88.25,75.18,NA,NA,NA,NA,NA,NA,-0.861,0.789,0.9,NA,NA,NA,NA,NA,NA
"231",2351,NA,NA,NA,NA,NA,NA,NA,NA,NA,NA,NA,NA,NA,NA,NA,NA,NA,NA
"232",2354,NA,NA,NA,NA,NA,NA,NA,NA,NA,NA,NA,NA,NA,NA,NA,NA,NA,NA
"233",2357,75.4,165.18,103.89,NA,NA,NA,NA,NA,NA,0.762,1.803,1.399,NA,NA,NA,NA,NA,NA
"234",2377,72.59,141.88,122.18,93.56,171.24,146.64,101.59,182.24,137.8,0.533,1.457,1.775,2.191,1.562,1.844,1.967,1.41,1.323
"235",2378,54.75,117.67,94.05,76.15,176.94,118.2,95.69,190.08,152.09,-0.129,1.187,1.25,1.091,1.624,1.229,1.472,1.545,1.598
"236",2380,80.32,195.82,130.91,87.17,200.88,157.24,NA,NA,NA,0.978,2.37,1.914,1.732,2.263,2.059,NA,NA,NA
"237",2405,NA,NA,NA,NA,NA,NA,NA,NA,NA,NA,NA,NA,NA,NA,NA,NA,NA,NA
"238",2407,44,125.18,74.95,56.58,148.72,98.14,70.83,155.91,110.89,-0.587,1.222,0.888,-0.016,1.331,0.953,0.227,1.087,0.897
"239",2411,NA,NA,NA,NA,NA,NA,NA,NA,NA,NA,NA,NA,NA,NA,NA,NA,NA,NA
"240",2423,66.74,151.39,121.28,84.19,171.53,141.92,NA,NA,NA,0.341,1.578,1.685,1.507,1.595,1.715,NA,NA,NA
"241",2428,NA,NA,NA,NA,NA,NA,NA,NA,NA,NA,NA,NA,NA,NA,NA,NA,NA,NA
"242",2440,67.33,146.83,108.39,77.16,175.22,116.86,87.36,198.28,143.27,0.382,1.58,1.495,1.107,1.616,1.209,0.973,1.748,1.422
"243",2446,66.02,138.53,104.32,77.3,172.81,130.14,NA,NA,NA,0.282,1.443,1.406,1.118,1.592,1.405,NA,NA,NA
"244",2447,57.04,157.98,90.25,73.17,167.05,122.12,84.13,195.6,140.66,0.024,1.708,1.184,0.885,1.514,1.337,0.811,1.67,1.374
"245",2451,39.35,91.16,53.72,NA,NA,NA,57.21,151.65,84.74,-0.816,0.848,0.362,NA,NA,NA,-0.301,1.043,0.536
"246",2454,26.75,90.84,62.44,NA,NA,NA,NA,NA,NA,-1.436,0.854,0.611,NA,NA,NA,NA,NA,NA
"247",2456,29.06,85.79,63.2,30.92,123.01,71.07,48.84,158.47,98.42,-1.302,0.733,0.633,-1.458,0.944,0.386,-0.628,1.114,0.724
"248",2459,40.24,123,90.37,54.75,148.05,108.4,85.46,139.98,151.57,-0.725,1.251,1.194,-0.079,1.228,1.06,0.876,0.93,1.587
"249",2469,38.99,88.34,73.18,38.04,91.11,79.12,NA,NA,NA,-0.767,0.726,0.842,-1.009,0.601,0.606,NA,NA,NA
"250",2478,35.46,81.85,52.44,NA,NA,NA,NA,NA,NA,-0.937,0.699,0.321,NA,NA,NA,NA,NA,NA
"251",2479,19.62,83.25,53.83,32.8,122.39,98.77,34.6,135.33,87.25,-2.114,0.71,0.366,-1.335,0.931,0.96,-1.26,0.887,0.572
"252",2493,NA,NA,NA,56.7,140.01,76.3,NA,NA,NA,NA,NA,NA,0.006,1.178,0.667,NA,NA,NA
"253",2507,27.55,102.84,91.49,NA,NA,NA,NA,NA,NA,-1.375,0.97,1.219,NA,NA,NA,NA,NA,NA
"254",2517,29.04,93.35,55.78,NA,NA,NA,NA,NA,NA,-1.295,0.863,0.422,NA,NA,NA,NA,NA,NA
"255",2529,30.26,122.75,115.61,32.19,142.33,136.26,63.68,163.24,159.62,-1.207,1.204,1.59,-1.374,1.136,1.616,-0.054,1.166,1.783
"256",2539,NA,NA,NA,43.77,127.61,86.93,69.72,168.85,91.8,NA,NA,NA,-0.659,1.009,0.746,0.183,1.231,0.634
"257",2544,45.69,139.45,117.68,60.24,152.37,148.7,NA,NA,NA,-0.487,1.408,1.623,0.14,1.339,1.839,NA,NA,NA
"258",2555,84.14,164.39,134.7,84.95,171.81,151.11,NA,NA,NA,1.119,1.768,1.928,1.565,1.592,1.846,NA,NA,NA
"259",2568,26.25,105.33,126.41,39.14,132.61,141.85,81.83,160.29,153.25,-1.464,1.041,1.821,-0.923,1.079,1.697,0.701,1.133,1.623
"260",2578,NA,NA,NA,NA,NA,NA,NA,NA,NA,NA,NA,NA,NA,NA,NA,NA,NA,NA
"261",2587,57.06,125.17,107.03,NA,NA,NA,NA,NA,NA,-0.031,1.262,1.466,NA,NA,NA,NA,NA,NA
"262",2599,50.37,148.13,124.24,NA,NA,NA,NA,NA,NA,-0.297,1.562,1.742,NA,NA,NA,NA,NA,NA
"263",2607,NA,NA,NA,NA,NA,NA,NA,NA,NA,NA,NA,NA,NA,NA,NA,NA,NA,NA
"264",2611,NA,NA,NA,NA,NA,NA,NA,NA,NA,NA,NA,NA,NA,NA,NA,NA,NA,NA
"265",2616,47.64,133.36,126.95,68.13,165.93,142.63,96.28,190.15,167.91,-0.426,1.403,1.834,0.617,1.445,1.734,1.514,1.546,2.109
"266",2619,40.17,109.39,68.37,56.73,147.38,88.31,67.42,166.87,103.2,-0.726,1.125,0.761,-0.003,1.244,0.777,0.092,1.207,0.789
"267",2658,46.43,123.28,117.56,69.87,154.85,137.03,NA,NA,NA,-0.474,1.234,1.668,0.659,1.37,1.559,NA,NA,NA
"268",2681,44.23,129.28,104.66,53.11,159.77,114.58,68.49,176.23,146.31,-0.568,1.373,1.414,-0.215,1.402,1.147,0.134,1.324,1.479
"269",2683,51.47,125.62,89.13,67.55,146.59,114.57,78.71,178.11,124.58,-0.257,1.271,1.164,0.539,1.236,1.267,0.559,1.35,1.103
"270",2693,29.81,105.73,95.04,33.27,121.97,108.05,52.53,146.4,135.37,-1.252,1.054,1.268,-1.293,0.929,1.061,-0.482,0.992,1.281
"271",2700,NA,NA,NA,NA,NA,NA,NA,NA,NA,NA,NA,NA,NA,NA,NA,NA,NA,NA
"272",2702,67.4,145.57,79.58,71.72,181.39,99.27,96.94,189.79,157.88,0.35,1.509,1.003,0.79,1.708,0.963,1.562,1.539,1.735
"273",2725,NA,NA,NA,NA,NA,NA,NA,NA,NA,NA,NA,NA,NA,NA,NA,NA,NA,NA
"274",2734,66.85,135.27,127.65,82.79,179.52,157.49,98.1,181.21,170,0.396,1.4,1.837,1.453,1.664,2.086,1.652,1.394,2.261
"275",2746,86.54,183.95,151.54,NA,NA,NA,NA,NA,NA,1.121,2.057,2.388,NA,NA,NA,NA,NA,NA
"276",2751,NA,NA,NA,NA,NA,NA,NA,NA,NA,NA,NA,NA,NA,NA,NA,NA,NA,NA
"277",2776,82.56,108.5,113.61,81.91,180.93,149.92,107.9,199.24,166.98,1.038,1.131,1.577,1.386,1.761,1.805,2.996,1.779,2.057
"278",2786,73.55,151.96,116.31,88.14,185.05,152.42,101.01,199.37,159.53,0.635,1.617,1.598,1.731,1.781,1.92,1.909,1.783,1.78
"279",2788,NA,NA,NA,NA,NA,NA,NA,NA,NA,NA,NA,NA,NA,NA,NA,NA,NA,NA
"280",2790,58.64,147.48,81.63,68.62,146.66,127.38,76.51,176.07,128.46,-0.005,1.602,1.038,0.577,1.217,1.345,0.463,1.322,1.165
"281",2816,NA,NA,NA,NA,NA,NA,NA,NA,NA,NA,NA,NA,NA,NA,NA,NA,NA,NA
"282",2833,60.31,145.6,97.43,NA,NA,NA,NA,NA,NA,0.113,1.411,1.284,NA,NA,NA,NA,NA,NA
"283",2856,35.99,86.55,77.49,34.86,134.36,103.24,37.85,154.17,109.68,-0.899,0.758,0.97,-1.2,1.069,0.949,-1.101,1.069,0.879
"284",2862,28.65,90.9,90.26,NA,NA,NA,NA,NA,NA,-1.312,0.843,1.192,NA,NA,NA,NA,NA,NA
"285",2877,32.35,88.09,74.88,NA,NA,NA,NA,NA,NA,-1.084,0.786,0.897,NA,NA,NA,NA,NA,NA
"286",2879,44.64,151.56,92,NA,NA,NA,NA,NA,NA,-0.504,1.649,1.222,NA,NA,NA,NA,NA,NA
"287",2883,42.51,141.1,76.79,51.97,127.77,89.61,58.79,152.02,117.32,-0.622,1.495,0.95,-0.236,1.04,0.822,-0.241,1.047,0.991
"288",2887,48.86,126.03,98.97,NA,NA,NA,NA,NA,NA,-0.364,1.258,1.293,NA,NA,NA,NA,NA,NA
"289",2900,86.09,168.03,133.7,87.6,184.97,158.96,100.87,205.76,163.58,1.166,1.699,1.876,1.718,1.818,2.14,1.895,2.09,1.909
"290",2902,65.35,175.61,133.48,NA,NA,NA,NA,NA,NA,0.283,1.961,1.913,NA,NA,NA,NA,NA,NA
"291",2920,41.94,102.06,119.07,NA,NA,NA,NA,NA,NA,-0.662,0.994,1.653,NA,NA,NA,NA,NA,NA
"292",2949,66.39,166.47,129.8,NA,NA,NA,NA,NA,NA,0.333,1.826,1.807,NA,NA,NA,NA,NA,NA
"293",2954,41.43,132.4,109.82,NA,NA,NA,NA,NA,NA,-0.645,1.372,1.526,NA,NA,NA,NA,NA,NA
"294",2955,66.75,181.43,133.28,NA,NA,NA,NA,NA,NA,0.349,2.038,1.965,NA,NA,NA,NA,NA,NA
"295",2956,53.87,119.26,80.74,68.92,140.6,113.5,90.55,172.48,153.81,-0.173,1.2,1.012,0.614,1.134,1.151,1.148,1.275,1.636
"296",2971,85.07,167.7,135.48,NA,NA,NA,NA,NA,NA,1.222,1.839,1.928,NA,NA,NA,NA,NA,NA
"297",3000,22.99,54.83,38.06,NA,NA,67.29,40.88,NA,89.45,-1.729,-0.031,-0.247,NA,NA,0.47,-0.962,NA,0.602
"298",3014,18.96,54.4,43.35,23.13,75.92,54.04,43.99,115.64,85.98,-2.205,-0.043,-0.017,-2.201,0.349,0.104,-0.827,0.701,0.554
"299",3016,NA,NA,NA,NA,NA,NA,NA,NA,NA,NA,NA,NA,NA,NA,NA,NA,NA,NA
"300",3018,NA,NA,NA,NA,NA,NA,NA,NA,NA,NA,NA,NA,NA,NA,NA,NA,NA,NA
"301",3023,NA,NA,NA,NA,NA,NA,NA,NA,NA,NA,NA,NA,NA,NA,NA,NA,NA,NA
"302",3045,45.23,104.78,103.8,55.69,145.57,103.66,91.45,127.78,135.91,-0.481,1.002,1.406,-0.022,1.175,0.961,1.2,0.817,1.29
"303",3073,44.07,116.11,81.12,NA,NA,NA,NA,NA,NA,-0.561,1.179,1.019,NA,NA,NA,NA,NA,NA
"304",3107,56.2,143.4,125.99,82.3,167.7,142.7,101.17,188.08,148.79,-0.086,1.412,1.824,1.408,1.504,1.729,1.924,1.507,1.529
"305",3109,46.11,103.34,89.72,64.94,130.47,137.53,94.09,156.83,147.35,-0.472,0.971,1.173,0.4,1.037,1.583,1.364,1.096,1.5
"306",3133,73.84,172.39,123.85,79.35,181.65,146.25,105.01,199.49,155.52,0.669,2.017,1.781,1.159,1.759,1.824,2.395,1.788,1.676
"307",3138,37.37,127.93,100.26,NA,NA,NA,NA,NA,NA,-0.847,1.35,1.322,NA,NA,NA,NA,NA,NA
"308",3141,NA,NA,NA,NA,NA,NA,NA,NA,NA,NA,NA,NA,NA,NA,NA,NA,NA,NA
"309",3158,38.55,107.33,90.22,72.06,147.81,103.58,70.73,169.53,122.48,-0.789,1.083,1.198,0.793,1.219,1.043,0.223,1.239,1.07
"310",3178,NA,NA,NA,NA,NA,NA,NA,NA,NA,NA,NA,NA,NA,NA,NA,NA,NA,NA
"311",3180,57.36,160.53,117.57,75.79,175.6,140.58,92.63,200.42,149.53,-0.041,1.755,1.605,1.044,1.614,1.644,1.271,1.821,1.544
"312",3187,40.01,126.39,67.29,62.38,165.5,102.16,69.83,166.5,123.83,-0.723,1.37,0.743,0.271,1.428,1.009,0.187,1.203,1.091
"313",3188,40.21,143.71,118.42,53.52,174.52,144.91,80.09,188.49,161.57,-0.714,1.423,1.646,-0.188,1.609,1.814,0.621,1.514,1.841
"314",3195,61.49,167.96,123.54,77.29,170.94,151.67,NA,NA,NA,0.131,1.845,1.71,1.091,1.589,1.859,NA,NA,NA
"315",3229,NA,NA,NA,NA,NA,NA,NA,NA,NA,NA,NA,NA,NA,NA,NA,NA,NA,NA
"316",3231,50.37,106.36,89.18,71.07,164.66,117.34,96.43,176.92,148.43,-0.294,1.065,1.159,0.778,1.412,1.221,1.524,1.334,1.521
"317",3232,59.41,154,131.42,81.03,170.48,151.55,NA,NA,NA,0.075,1.646,1.915,1.282,1.551,1.877,NA,NA,NA
"318",3254,56.41,154.91,115.64,87.98,181.59,142.28,99.42,199.93,161.07,-0.048,1.768,1.627,1.728,1.758,1.77,1.762,1.803,1.825
"319",3267,53.09,144.93,105.4,NA,NA,NA,NA,NA,NA,-0.198,1.517,1.433,NA,NA,NA,NA,NA,NA
"320",3274,58.94,133.26,95.16,82.83,169.67,133.4,97.57,201.04,168.15,0.027,1.421,1.281,1.367,1.538,1.482,1.61,1.845,2.123
"321",3284,49.46,128.23,102.88,62.31,147.07,130.23,73.54,180.72,137.9,-0.327,1.392,1.372,0.294,1.235,1.415,0.338,1.387,1.324
"322",3315,53.45,117.78,64.13,68.34,159.22,88.77,73.77,146.47,115.19,-0.154,1.185,0.66,0.58,1.392,0.877,0.347,0.992,0.959
"323",3321,NA,NA,NA,NA,NA,NA,NA,NA,NA,NA,NA,NA,NA,NA,NA,NA,NA,NA
"324",3323,NA,NA,NA,NA,NA,NA,NA,NA,NA,NA,NA,NA,NA,NA,NA,NA,NA,NA
"325",3331,NA,NA,NA,NA,NA,NA,NA,NA,NA,NA,NA,NA,NA,NA,NA,NA,NA,NA
"326",3337,NA,NA,NA,NA,NA,NA,NA,NA,NA,NA,NA,NA,NA,NA,NA,NA,NA,NA
"327",3353,NA,NA,NA,NA,NA,NA,NA,NA,NA,NA,NA,NA,NA,NA,NA,NA,NA,NA
"328",3376,37.15,115.42,65.4,43.73,125.75,65.57,68.58,120.44,88.58,-0.869,1.17,0.687,-0.661,0.995,0.408,0.137,0.747,0.59
"329",3379,39.96,87.01,87.92,67.6,119.36,117.82,63.98,166.4,144.31,-0.735,0.761,1.119,0.529,0.894,1.239,-0.042,1.202,1.441
"330",3383,27.54,69.38,63.28,47.47,103.02,85.38,NA,NA,NA,-1.394,0.43,0.628,-0.469,0.671,0.722,NA,NA,NA
"331",3398,53.44,141.9,107.41,77.34,165.53,139.38,84.33,197.36,159.6,-0.169,1.408,1.468,1.113,1.45,1.621,0.82,1.72,1.782
"332",3402,54.1,164.96,126.29,73.75,167.79,151.06,96.34,205,168.37,-0.139,1.756,1.771,0.926,1.581,1.844,1.518,2.04,2.137
"333",3415,52.06,164.58,112.09,69.44,190.84,125.56,99.14,203.48,155.11,-0.256,1.793,1.549,0.649,1.864,1.395,1.738,1.954,1.666
"334",3455,50.74,124.95,57.62,65.16,137.75,85.17,87.06,168.69,119.26,-0.293,1.216,0.484,0.463,1.105,0.802,0.958,1.229,1.02
"335",3456,56.08,149.32,96.41,78.89,165.45,127.21,96.91,195.88,161.02,-0.071,1.624,1.271,1.233,1.465,1.419,1.56,1.678,1.824
"336",3464,56.58,105.72,87.48,66.37,127.78,129.98,81.73,149.63,138.17,-0.073,1.028,1.096,0.518,1.012,1.464,0.697,1.023,1.329
"337",3469,47.72,122.77,92.15,55.64,138.51,120.04,71.72,151.62,118.03,-0.411,1.208,1.224,-0.057,1.143,1.29,0.264,1.043,1.002
"338",3472,24.58,69.27,75.66,35.71,90.42,114.24,NA,NA,NA,-1.586,0.437,0.912,-1.147,0.591,1.15,NA,NA,NA
"339",3479,63.5,142.35,87.75,77.95,175.63,141.69,79.94,195.16,140.95,0.202,1.455,1.128,1.189,1.644,1.668,0.614,1.659,1.379
"340",3505,81.82,148.06,154.07,89.22,155.24,160.5,99.8,194.42,164.64,1.039,1.492,2.448,1.877,1.372,2.218,1.796,1.64,1.95
"341",3506,50.68,123.33,117.07,70.82,141.22,138.74,75.87,180.1,136.69,-0.279,1.249,1.655,0.667,1.163,1.601,0.436,1.378,1.303
"342",3514,47.75,152.3,133.19,75.22,148.56,152.81,104.72,181.01,161.61,-0.397,1.607,1.95,0.976,1.289,1.945,2.35,1.391,1.842
"343",3518,67.21,144.43,151.47,NA,NA,NA,NA,NA,NA,0.398,1.528,2.375,NA,NA,NA,NA,NA,NA
"344",3534,42.71,137.03,68.21,49.74,160.7,110.53,65.66,165.37,143.09,-0.615,1.432,0.758,-0.385,1.406,1.099,0.023,1.19,1.418
"345",3544,56.39,138.23,110.4,66.65,179.75,128.97,98.23,166.18,159.78,-0.044,1.401,1.516,0.48,1.652,1.372,1.662,1.199,1.787
"346",3546,71.51,139.07,131.83,88.59,165.22,151.19,98.46,182.62,170.43,0.56,1.451,1.929,1.847,1.423,1.958,1.681,1.416,2.302
"347",3560,55.89,134.52,120.81,74.73,174.22,129.35,87.78,193.25,151.52,-0.086,1.41,1.756,0.926,1.591,1.448,0.996,1.612,1.586
"348",3579,40.59,82.67,78.06,NA,NA,NA,91.8,NA,135.59,-0.696,0.645,0.978,NA,NA,NA,1.221,NA,1.284
"349",3585,44.36,139.55,102.68,60.42,142.19,117.21,NA,NA,NA,-0.534,1.488,1.379,0.154,1.171,1.205,NA,NA,NA
"350",3588,NA,NA,NA,NA,NA,NA,NA,NA,NA,NA,NA,NA,NA,NA,NA,NA,NA,NA
"351",3593,NA,NA,NA,NA,NA,NA,NA,NA,NA,NA,NA,NA,NA,NA,NA,NA,NA,NA
"352",3609,NA,NA,NA,NA,NA,NA,NA,NA,NA,NA,NA,NA,NA,NA,NA,NA,NA,NA
"353",3610,NA,NA,NA,NA,NA,NA,NA,NA,NA,NA,NA,NA,NA,NA,NA,NA,NA,NA
"354",3625,18.95,51.69,43.77,24.07,71.59,54.75,NA,NA,NA,-2.212,-0.053,0.001,-2.074,0.258,0.114,NA,NA,NA
"355",3637,22.38,87.09,76.63,NA,NA,NA,50.84,127.21,93.08,-1.789,0.761,0.952,NA,NA,NA,-0.548,0.811,0.652
"356",3644,NA,NA,NA,NA,NA,NA,NA,NA,NA,NA,NA,NA,NA,NA,NA,NA,NA,NA
"357",3656,61.36,166.45,131.6,70.7,192.7,152.93,84.31,174.6,161.89,0.118,1.685,1.923,0.728,1.945,1.939,0.819,1.303,1.851
"358",3661,35.11,107.4,82.6,NA,NA,NA,NA,NA,NA,-0.957,1.101,1.032,NA,NA,NA,NA,NA,NA
"359",3662,62.42,144.39,111.89,69.56,148.46,152.28,87.46,184.46,163.71,0.179,1.413,1.54,0.626,1.271,1.917,0.978,1.445,1.914
"360",3664,69.07,144.56,104.19,74.49,166.79,127.38,NA,NA,NA,0.504,1.507,1.415,0.951,1.472,1.432,NA,NA,NA
"361",3720,56.1,149.08,100.7,NA,NA,NA,NA,NA,NA,-0.084,1.55,1.327,NA,NA,NA,NA,NA,NA
"362",3725,NA,NA,NA,NA,NA,NA,NA,NA,NA,NA,NA,NA,NA,NA,NA,NA,NA,NA
"363",3730,49.23,146.85,114.99,73.38,164.62,139.3,85.77,166.52,146.18,-0.356,1.555,1.581,0.829,1.409,1.686,0.892,1.203,1.477
"364",3737,NA,NA,NA,NA,NA,NA,NA,NA,NA,NA,NA,NA,NA,NA,NA,NA,NA,NA
"365",3746,68.2,157.04,124.46,NA,NA,NA,NA,NA,NA,0.332,1.715,1.794,NA,NA,NA,NA,NA,NA
"366",3755,60.93,127.43,109.62,75.62,165.05,136.59,79.55,163.58,153.75,0.128,1.357,1.489,1.007,1.42,1.616,0.597,1.169,1.635
"367",3806,43.69,110.46,118.01,74.76,168.14,158.17,93.06,171.53,167.32,-0.576,1.145,1.64,0.944,1.509,2.096,1.298,1.264,2.075
"368",3810,29.09,104.13,69.74,57.31,154.81,95.99,69.89,185.08,118.53,-1.425,0.981,0.782,0.006,1.365,0.927,0.189,1.455,1.009
"369",3811,41.6,150.41,129.77,NA,NA,NA,NA,NA,NA,-0.654,1.651,1.837,NA,NA,NA,NA,NA,NA
"370",3850,NA,NA,NA,NA,NA,NA,NA,NA,NA,NA,NA,NA,NA,NA,NA,NA,NA,NA
"371",3868,47.19,106.95,51.26,NA,NA,NA,NA,NA,NA,-0.425,1.112,0.282,NA,NA,NA,NA,NA,NA
"372",3872,NA,NA,NA,NA,NA,NA,NA,NA,NA,NA,NA,NA,NA,NA,NA,NA,NA,NA
"373",3881,NA,NA,NA,NA,NA,NA,NA,NA,NA,NA,NA,NA,NA,NA,NA,NA,NA,NA
"374",3891,53.84,167.19,116.91,80.48,160.59,127.92,102.48,196.59,148.82,-0.13,1.818,1.624,1.25,1.398,1.42,2.063,1.697,1.529
"375",3906,NA,NA,NA,NA,NA,NA,NA,NA,NA,NA,NA,NA,NA,NA,NA,NA,NA,NA
"376",3917,NA,NA,NA,NA,NA,NA,NA,NA,NA,NA,NA,NA,NA,NA,NA,NA,NA,NA
"377",3918,58.01,127.39,113.32,57.36,125.91,142.89,90.1,129.29,157.92,-0.001,1.373,1.539,0.009,1.002,1.641,1.122,0.831,1.736
"378",3928,NA,NA,NA,NA,NA,NA,NA,NA,NA,NA,NA,NA,NA,NA,NA,NA,NA,NA
"379",3930,50,126.19,105.08,59.36,156.85,130.34,84.27,177.17,144.94,-0.302,1.271,1.433,0.134,1.378,1.484,0.818,1.337,1.453
"380",3931,61.17,111.06,103.57,72.96,145.51,128.67,84.64,146.6,149.12,0.129,1.153,1.402,0.829,1.186,1.429,0.836,0.994,1.535
"381",3936,NA,NA,NA,NA,NA,NA,NA,NA,NA,NA,NA,NA,NA,NA,NA,NA,NA,NA
"382",3959,34.3,95.97,120.59,67.83,149.78,152.21,NA,NA,NA,-1.006,0.911,1.685,0.594,1.3,1.899,NA,NA,NA
"383",3967,56.95,110.93,63.09,65.7,133.22,87.62,NA,NA,NA,-0.033,1.147,0.629,0.453,1.131,0.766,NA,NA,NA
"384",3969,68.25,155.3,117.47,NA,NA,NA,NA,NA,NA,0.465,1.703,1.618,NA,NA,NA,NA,NA,NA
"385",3993,46.09,126.16,99.81,65.85,150.48,134.86,80.97,186.15,166.04,-0.493,1.255,1.32,0.493,1.321,1.605,0.661,1.473,2.011
"386",4014,NA,NA,NA,NA,NA,NA,NA,NA,NA,NA,NA,NA,NA,NA,NA,NA,NA,NA
"387",4022,NA,NA,NA,NA,NA,NA,NA,NA,NA,NA,NA,NA,NA,NA,NA,NA,NA,NA
"388",4038,86.61,147.12,106.29,71.53,161.32,133.94,91.16,183.28,150.32,1.199,1.566,1.471,0.794,1.41,1.509,1.183,1.426,1.56
"389",4044,47.02,104.19,71.02,68.33,145.04,120.57,85.6,166.26,141.39,-0.422,0.984,0.796,0.586,1.193,1.305,0.883,1.2,1.387
"390",4050,NA,NA,NA,NA,NA,NA,100.21,201.04,170.32,NA,NA,NA,NA,NA,NA,1.832,1.845,2.29
"391",4090,25.68,66.65,63.08,NA,NA,NA,NA,NA,NA,-1.522,0.337,0.63,NA,NA,NA,NA,NA,NA
"392",4116,NA,NA,NA,NA,NA,NA,NA,NA,NA,NA,NA,NA,NA,NA,NA,NA,NA,NA
"393",4120,NA,NA,NA,NA,NA,NA,NA,NA,NA,NA,NA,NA,NA,NA,NA,NA,NA,NA
"394",4126,22.91,99.84,53.29,NA,NA,NA,NA,NA,NA,-1.766,0.943,0.346,NA,NA,NA,NA,NA,NA
"395",4144,29.54,108.77,89.56,47.37,138.57,112.24,85.91,139.36,137.1,-1.262,1.117,1.177,-0.455,1.121,1.127,0.899,0.925,1.311
"396",4146,49.62,150.18,96.22,78.22,169.65,124.23,89.03,190.41,137.9,-0.338,1.578,1.265,1.145,1.542,1.294,1.063,1.551,1.325
"397",4159,50.09,90.73,106.28,77.25,144.99,136.83,87.17,132.66,144.86,-0.297,0.836,1.448,1.073,1.139,1.576,0.963,0.862,1.451
"398",4163,45.53,129.58,122.57,72.96,147.25,141.51,NA,NA,NA,-0.491,1.374,1.784,0.891,1.242,1.672,NA,NA,NA
"399",4164,55.17,145.05,99.55,86.14,173.84,147.75,102.73,193.98,165.11,-0.1,1.433,1.309,1.626,1.59,1.854,2.092,1.63,1.97
"400",4177,44.27,107.63,104.42,68.55,126.16,121.19,82.18,167.03,141.1,-0.529,1.115,1.414,0.654,1.012,1.316,0.717,1.209,1.382
"401",4181,65.04,160.52,144.19,82.1,170.28,143.52,98.51,195.34,149.11,0.23,1.606,2.194,1.394,1.609,1.777,1.685,1.664,1.535
"402",4186,NA,NA,NA,NA,NA,NA,NA,NA,NA,NA,NA,NA,NA,NA,NA,NA,NA,NA
"403",4190,NA,NA,NA,NA,NA,NA,NA,NA,NA,NA,NA,NA,NA,NA,NA,NA,NA,NA
"404",4191,NA,NA,NA,NA,NA,NA,NA,NA,NA,NA,NA,NA,NA,NA,NA,NA,NA,NA
"405",4192,NA,NA,NA,NA,NA,NA,NA,NA,NA,NA,NA,NA,NA,NA,NA,NA,NA,NA
"406",4201,NA,NA,NA,NA,NA,NA,NA,NA,NA,NA,NA,NA,NA,NA,NA,NA,NA,NA
"407",4209,75.1,188.61,140.59,100.17,193.57,166.4,106.66,208.32,170.51,0.732,2.246,2.068,2.845,1.982,2.416,2.692,2.323,2.31
"408",4249,30.12,92.35,78.43,42.92,126.42,109.56,68.03,161.19,123.04,-1.211,0.865,0.985,-0.73,1.026,1.081,0.116,1.143,1.079
"409",4265,NA,NA,NA,NA,NA,NA,NA,NA,NA,NA,NA,NA,NA,NA,NA,NA,NA,NA
"410",4269,80.08,151.62,123.93,93.66,185.92,161.87,106.07,203.08,167.23,0.938,1.654,1.75,2.228,1.825,2.316,2.574,1.934,2.07
"411",4284,60.55,145.81,111.55,66.73,130.88,146.33,76.47,178.37,154.9,0.137,1.448,1.533,0.514,1.079,1.719,0.462,1.354,1.661
"412",4288,NA,NA,NA,NA,NA,NA,NA,NA,NA,NA,NA,NA,NA,NA,NA,NA,NA,NA
"413",4293,64.15,119.51,77.12,88.26,159.85,129.63,98.41,185.3,145.74,0.247,1.226,0.964,1.887,1.364,1.46,1.677,1.458,1.468
"414",4299,40.26,113,102.41,62,145.51,141.22,86.63,171.32,152.64,-0.687,1.189,1.347,0.264,1.196,1.687,0.935,1.261,1.61
"415",4301,NA,NA,NA,NA,NA,NA,NA,NA,NA,NA,NA,NA,NA,NA,NA,NA,NA,NA
"416",4310,36.15,95.35,67.76,57.97,141.95,81.13,68.24,148.17,97.56,-0.91,0.878,0.753,0.074,1.145,0.74,0.124,1.009,0.713
"417",4319,55.32,154.58,103.71,NA,NA,NA,98.33,190.16,157.5,-0.072,1.615,1.394,NA,NA,NA,1.67,1.546,1.725
"418",4332,71.33,157.48,124.77,88.84,192.15,168.02,104.49,206,169.31,0.549,1.686,1.766,1.865,1.914,2.524,2.318,2.107,2.204
"419",4333,57.68,114.24,116.1,NA,NA,NA,NA,NA,NA,-0.007,1.174,1.572,NA,NA,NA,NA,NA,NA
"420",4334,NA,NA,NA,NA,NA,NA,NA,NA,NA,NA,NA,NA,NA,NA,NA,NA,NA,NA
"421",4338,NA,NA,NA,NA,NA,NA,NA,NA,NA,NA,NA,NA,NA,NA,NA,NA,NA,NA
"422",4360,NA,NA,NA,NA,NA,NA,NA,NA,NA,NA,NA,NA,NA,NA,NA,NA,NA,NA
"423",4364,19.2,107.91,73.21,NA,NA,NA,NA,NA,NA,-2.165,1.118,0.845,NA,NA,NA,NA,NA,NA
"424",4381,69.98,127.58,133.81,84.08,168.46,152.76,104.61,184.07,169.75,0.537,1.332,1.98,1.527,1.512,2.025,2.335,1.438,2.238
"425",4388,79.22,167.81,131.07,87.6,180.15,153.18,105.17,182.17,162.31,0.88,1.842,1.909,1.738,1.668,2.062,2.42,1.409,1.865
"426",4389,47.32,103.07,96.64,76.02,106.61,104.08,86.58,NA,NA,-0.432,0.983,1.272,1.049,0.787,1.081,0.933,NA,NA
"427",4405,60.15,161.86,106.25,87.99,181.72,140.16,97.88,198.16,157.33,0.099,1.699,1.462,1.77,1.77,1.621,1.634,1.744,1.721
"428",4408,63.59,146.15,88.86,67.38,164.71,114.93,88.5,181.47,131.12,0.229,1.624,1.154,0.543,1.416,1.179,1.034,1.398,1.209
"429",4410,NA,NA,NA,NA,NA,NA,NA,NA,NA,NA,NA,NA,NA,NA,NA,NA,NA,NA
"430",4411,45.68,145.2,83.13,75.72,166.1,128.9,88.61,177.08,139.52,-0.478,1.523,1.036,0.994,1.489,1.442,1.04,1.336,1.353
"431",4418,48.03,140.84,101.4,86.6,147.36,120.05,102.08,185.86,153.62,-0.402,1.44,1.33,1.641,1.229,1.342,2.019,1.468,1.632
"432",4423,63.15,126.11,88.96,NA,NA,NA,NA,NA,NA,0.264,1.338,1.157,NA,NA,NA,NA,NA,NA
"433",4433,63.09,165.26,123.74,83.99,187.59,149.16,97.95,199.32,158.64,0.227,1.828,1.79,1.456,1.809,1.794,1.64,1.782,1.755
"434",4438,56.92,130,94.45,NA,NA,NA,NA,NA,NA,-0.026,1.403,1.239,NA,NA,NA,NA,NA,NA
"435",4442,50.82,113.57,110.43,60.53,126.17,131.66,85.37,181.12,154.3,-0.293,1.191,1.499,0.172,0.996,1.461,0.871,1.393,1.647
"436",4447,65.39,106.11,78.58,NA,NA,NA,NA,NA,NA,0.294,1.048,0.984,NA,NA,NA,NA,NA,NA
"437",4458,23.9,71.43,49.94,38.87,89.37,77.37,72.16,139.48,NA,-1.647,0.463,0.24,-0.93,0.576,0.571,0.281,0.926,NA
"438",4460,NA,NA,NA,NA,NA,NA,NA,NA,NA,NA,NA,NA,NA,NA,NA,NA,NA,NA
"439",4461,NA,NA,NA,NA,NA,NA,NA,NA,NA,NA,NA,NA,NA,NA,NA,NA,NA,NA
"440",4466,61.5,125.76,89.97,69.05,140.76,126.49,72.12,161.66,136.19,0.163,1.237,1.201,0.635,1.16,1.409,0.28,1.148,1.295
"441",4472,42.42,106.31,107.96,59.77,146.84,118.93,74.82,168.01,141.56,-0.639,1.031,1.477,0.128,1.21,1.259,0.391,1.221,1.39
"442",4475,73.89,160.6,154.07,NA,NA,NA,NA,NA,NA,0.601,1.692,2.446,NA,NA,NA,NA,NA,NA
"443",4492,NA,NA,NA,NA,NA,NA,NA,NA,NA,NA,NA,NA,NA,NA,NA,NA,NA,NA
"444",4500,NA,NA,NA,NA,NA,NA,NA,NA,NA,NA,NA,NA,NA,NA,NA,NA,NA,NA
"445",4501,33.91,104.5,64.19,49.86,100.3,77.99,47.28,101.73,78.75,-1.011,0.985,0.664,-0.351,0.673,0.583,-0.691,0.559,0.448
"446",4509,56.18,145.83,101.42,72.29,168.78,115.38,92.52,201.37,123.44,-0.082,1.531,1.336,0.785,1.524,1.21,1.265,1.858,1.085
"447",4511,78.08,139.04,141.34,93.06,150.25,163.05,101.36,201.8,170.37,0.824,1.459,2.085,2.176,1.322,2.399,1.944,1.876,2.295
"448",4513,57.48,149.37,117.41,75.86,161.99,134.29,90.89,198.73,157.71,-0.027,1.587,1.607,1,1.413,1.618,1.167,1.762,1.731
"449",4523,NA,NA,NA,NA,NA,NA,NA,NA,NA,NA,NA,NA,NA,NA,NA,NA,NA,NA
"450",4527,39.23,142.96,76.57,46.53,166.21,105.24,81.94,176.63,139.75,-0.766,1.525,0.941,-0.541,1.514,1.001,0.706,1.33,1.357
"451",4533,52.38,145.63,105.23,NA,NA,NA,NA,NA,NA,-0.235,1.57,1.437,NA,NA,NA,NA,NA,NA
"452",4541,40.11,126.12,94.2,NA,NA,NA,NA,NA,NA,-0.732,1.292,1.249,NA,NA,NA,NA,NA,NA
"453",4557,50.45,129.69,123.61,75.98,145.87,149.85,93.49,196.43,164.55,-0.311,1.399,1.738,1.016,1.191,1.901,1.325,1.693,1.946
"454",4564,59.79,161.89,112.69,81.04,164.74,135.01,78.81,181.57,162.59,0.086,1.759,1.548,1.285,1.468,1.531,0.564,1.4,1.874
"455",4577,NA,NA,NA,NA,NA,NA,NA,NA,NA,NA,NA,NA,NA,NA,NA,NA,NA,NA
"456",4578,35.27,72.23,69.65,NA,NA,NA,NA,NA,NA,-0.975,0.472,0.773,NA,NA,NA,NA,NA,NA
"457",4593,76.62,165.08,143.74,88.25,193.4,152.4,103.96,200.75,166.67,0.741,1.731,2.162,1.874,1.97,1.911,2.244,1.834,2.041
"458",4605,NA,NA,NA,NA,NA,NA,NA,NA,NA,NA,NA,NA,NA,NA,NA,NA,NA,NA
"459",4624,77.72,89.01,111.2,95.94,139.22,136.59,90.84,185.31,131.88,0.831,0.811,1.516,2.395,1.11,1.622,1.165,1.459,1.222
"460",4625,56,131.11,88.86,NA,NA,NA,NA,NA,NA,-0.113,1.418,1.162,NA,NA,NA,NA,NA,NA
"461",4639,40.78,105.54,84.43,60.81,126.04,93.88,72.35,143.85,117.33,-0.688,1.028,1.053,0.198,0.971,0.9,0.289,0.967,0.991
"462",4656,NA,NA,NA,NA,NA,NA,NA,NA,NA,NA,NA,NA,NA,NA,NA,NA,NA,NA
"463",4660,20.84,89.34,48.81,28.05,104.96,50.87,42.46,123.43,75.44,-1.952,0.82,0.193,-1.689,0.767,-0.001,-0.893,0.776,0.397
"464",4665,NA,NA,NA,NA,NA,NA,NA,NA,NA,NA,NA,NA,NA,NA,NA,NA,NA,NA
"465",4671,45.66,118.2,81.21,NA,NA,NA,NA,NA,NA,-0.561,1.206,1.02,NA,NA,NA,NA,NA,NA
"466",4676,74.4,139.44,141.21,NA,NA,NA,NA,NA,NA,0.668,1.414,2.102,NA,NA,NA,NA,NA,NA
"467",4681,38.83,105.54,91.64,69.91,134.56,116.79,91.72,186.1,130.42,-0.815,1.084,1.211,0.66,1.112,1.198,1.216,1.472,1.197
"468",4697,48.68,145.37,102.7,70.29,150.73,133.3,95.17,189.83,132.04,-0.346,1.494,1.362,0.706,1.288,1.577,1.436,1.54,1.224
"469",4707,40.6,63.76,62.75,54.85,87.17,59.61,46.55,93.6,90.16,-0.701,0.245,0.618,-0.092,0.505,0.265,-0.721,0.464,0.612
"470",4709,NA,NA,NA,NA,NA,NA,NA,NA,NA,NA,NA,NA,NA,NA,NA,NA,NA,NA
"471",4710,58.33,106.06,75.2,73.3,147.08,104.08,NA,NA,NA,-0.007,1.048,0.9,0.847,1.22,0.978,NA,NA,NA
"472",4737,NA,NA,NA,NA,NA,NA,58.08,112.11,94.5,NA,NA,NA,NA,NA,NA,-0.268,0.667,0.671
"473",4752,40.85,145.95,76.33,NA,NA,NA,NA,NA,NA,-0.69,1.562,0.94,NA,NA,NA,NA,NA,NA
"474",4771,NA,NA,NA,49.2,103.28,91.97,62.23,89.15,112.24,NA,NA,NA,-0.344,0.728,0.826,-0.109,0.407,0.916
"475",4794,68.44,166.38,127.59,85.21,191.57,151.34,106.76,204.36,170.37,0.451,1.814,1.797,1.532,1.881,1.858,2.713,2.002,2.295
"476",4849,NA,NA,NA,NA,NA,NA,NA,NA,NA,NA,NA,NA,NA,NA,NA,NA,NA,NA
"477",4871,78.9,188.47,144.42,95.54,192.49,162.6,107.9,204.71,170.71,0.843,2.225,2.189,2.351,2.038,2.219,2.996,2.022,2.33
"478",4875,NA,NA,NA,NA,NA,NA,NA,NA,NA,NA,NA,NA,NA,NA,NA,NA,NA,NA
"479",4877,88.49,186.36,159.4,103.23,201.31,159.42,106.69,203.75,172.2,1.36,2.156,2.585,3.177,2.278,2.137,2.698,1.968,2.545
"480",4884,NA,NA,NA,NA,NA,NA,NA,NA,NA,NA,NA,NA,NA,NA,NA,NA,NA,NA
"481",4909,NA,NA,NA,NA,NA,NA,NA,NA,NA,NA,NA,NA,NA,NA,NA,NA,NA,NA
"482",4946,39.75,108.88,105.75,NA,NA,NA,NA,NA,NA,-0.721,1.118,1.426,NA,NA,NA,NA,NA,NA
"483",4953,NA,NA,NA,NA,NA,NA,NA,NA,NA,NA,NA,NA,NA,NA,NA,NA,NA,NA
"484",4963,NA,NA,NA,NA,NA,NA,NA,NA,NA,NA,NA,NA,NA,NA,NA,NA,NA,NA
"485",4974,NA,NA,NA,NA,NA,NA,NA,NA,NA,NA,NA,NA,NA,NA,NA,NA,NA,NA
"486",4978,NA,NA,NA,NA,NA,NA,NA,NA,NA,NA,NA,NA,NA,NA,NA,NA,NA,NA
"487",4980,49.99,117.38,76.86,NA,NA,NA,NA,NA,NA,-0.328,1.176,0.961,NA,NA,NA,NA,NA,NA
"488",4981,55.49,127.01,106.03,72.72,148.46,142.53,NA,NA,NA,-0.09,1.356,1.459,0.809,1.277,1.783,NA,NA,NA
"489",5022,NA,NA,NA,NA,NA,NA,NA,NA,NA,NA,NA,NA,NA,NA,NA,NA,NA,NA
"490",5026,63.79,135.04,125.95,87.05,180.29,137.37,96.17,186.16,147.63,0.236,1.411,1.802,1.702,1.68,1.651,1.506,1.473,1.505
"491",5028,NA,NA,NA,NA,NA,NA,NA,NA,NA,NA,NA,NA,NA,NA,NA,NA,NA,NA
"492",5031,60.58,165.81,144.92,74.81,188.97,163.29,103.27,197.53,171.15,0.111,1.82,2.205,0.906,1.837,2.207,2.156,1.725,2.382
"493",5036,58.65,147.48,118.9,82.52,192.66,130.97,95.34,198.55,144.55,0.045,1.598,1.637,1.392,1.897,1.516,1.447,1.756,1.446
"494",5043,NA,NA,NA,NA,NA,NA,NA,NA,NA,NA,NA,NA,NA,NA,NA,NA,NA,NA
"495",5054,60.59,142.12,80.84,66.27,156.32,118.07,97.02,154.84,140.64,0.112,1.422,1.01,0.456,1.337,1.249,1.568,1.076,1.373
"496",5059,46.66,162.63,120.25,63.79,153.45,139.37,76.85,189.9,147.61,-0.427,1.743,1.733,0.354,1.336,1.61,0.478,1.541,1.505
"497",5099,30.7,96.69,80.59,35.58,114.44,116.74,47.15,129.87,129.15,-1.19,0.971,1.005,-1.152,0.857,1.209,-0.696,0.836,1.177
"498",5101,59.69,148.74,106.85,63,169.52,135.03,72,194.22,152.33,0.076,1.501,1.477,0.312,1.544,1.617,0.275,1.636,1.603
"499",5113,26.61,106.69,58.47,NA,NA,NA,NA,NA,NA,-1.557,1.092,0.508,NA,NA,NA,NA,NA,NA
"500",5161,57.96,163.06,118.94,75.17,180.44,137.73,95.59,192.38,168.16,-0.001,1.783,1.666,0.968,1.643,1.586,1.465,1.593,2.124
"501",5169,63.35,174.91,121.49,89.77,174.84,144.7,99.05,194.85,163.6,0.202,1.985,1.711,1.922,1.601,1.789,1.73,1.651,1.91
"502",5172,53.37,123.68,76.22,NA,NA,NA,NA,NA,NA,-0.192,1.229,0.934,NA,NA,NA,NA,NA,NA
"503",5179,NA,NA,NA,NA,NA,NA,NA,NA,NA,NA,NA,NA,NA,NA,NA,NA,NA,NA
"504",5181,66.65,153.14,109.49,80.75,177.28,132.87,96.07,191.18,160.43,0.365,1.634,1.508,1.297,1.63,1.572,1.499,1.567,1.806
"505",5186,61.78,100.28,80.46,71.56,124.42,111.41,89.43,150.31,141.56,0.163,0.943,1.016,0.817,0.969,1.104,1.085,1.03,1.39
"506",5195,69.44,111.93,96.21,69.81,130.01,133.14,80.7,169.08,161.72,0.425,1.165,1.273,0.704,1.038,1.468,0.649,1.233,1.846
"507",5211,31.94,110.79,82.88,55.3,137.8,118.03,78.08,139.56,126.29,-1.132,1.183,1.032,-0.067,1.103,1.24,0.532,0.926,1.13
"508",5213,NA,NA,NA,NA,NA,NA,NA,NA,NA,NA,NA,NA,NA,NA,NA,NA,NA,NA
"509",5218,NA,NA,NA,54.75,126.94,97.19,69.67,142.31,118.9,NA,NA,NA,-0.053,1.036,0.82,0.181,0.952,1.015
"510",5228,39.04,105.74,89.03,50.85,126.79,131.61,67.3,143.16,148.15,-0.759,1.036,1.149,-0.287,0.997,1.534,0.087,0.96,1.516
"511",5232,34.39,101.96,61.22,50.24,112.33,67.28,71.2,174.73,124.36,-0.983,0.965,0.578,-0.335,0.842,0.462,0.242,1.304,1.1
"512",5243,66.47,166.11,103.28,68.02,164.95,102.08,NA,NA,NA,0.336,1.772,1.377,0.571,1.421,1.009,NA,NA,NA
"513",5247,39.76,124.46,84.52,63.79,152.33,106.54,77.12,178.28,113.2,-0.72,1.21,1.054,0.36,1.303,1.028,0.49,1.352,0.93
"514",5265,65.97,138.97,114.35,74.7,166.56,145.87,103.25,196.36,167.94,0.336,1.46,1.576,0.917,1.557,1.821,2.154,1.691,2.111
"515",5273,47.32,129,129.11,70.63,165.02,145.77,98.59,190.34,158.61,-0.428,1.366,1.819,0.698,1.452,1.786,1.692,1.55,1.754
"516",5282,41.99,128.43,90.76,70.44,145.26,124.82,88.06,171.63,135.73,-0.667,1.368,1.217,0.731,1.192,1.377,1.01,1.265,1.287
"517",5334,60.74,157.2,107.51,74.76,191.96,129.46,87.65,193.64,131.29,0.087,1.761,1.47,0.95,1.906,1.467,0.988,1.622,1.212
"518",5336,NA,NA,NA,NA,NA,NA,NA,NA,NA,NA,NA,NA,NA,NA,NA,NA,NA,NA
"519",5352,63.35,151.91,95.68,91.11,192.96,141.51,94.91,206.2,144.81,0.21,1.579,1.26,1.96,2.056,1.741,1.418,2.122,1.45
"520",5379,52.37,159.74,113.98,73.7,168.12,141.49,77.97,173.47,137.69,-0.262,1.739,1.555,0.953,1.556,1.687,0.527,1.288,1.321
"521",5403,78.17,155.8,118.94,86.05,163.01,141.1,101.79,199.88,169.56,0.806,1.733,1.638,1.615,1.392,1.678,1.988,1.801,2.223
"522",5406,39.29,112.76,82.17,63.33,119.81,101.78,NA,NA,NA,-0.841,1.198,1.025,0.289,0.925,0.897,NA,NA,NA
"523",5414,NA,NA,NA,NA,NA,NA,NA,NA,NA,NA,NA,NA,NA,NA,NA,NA,NA,NA
"524",5440,NA,NA,NA,NA,NA,NA,NA,NA,NA,NA,NA,NA,NA,NA,NA,NA,NA,NA
"525",5451,35.94,106.88,91.06,53.04,142.18,120.31,98.25,195.55,155.62,-0.958,1.053,1.221,-0.169,1.186,1.294,1.664,1.669,1.678
"526",5478,59.2,128.85,83.02,68.09,165.41,106.89,80.28,188.62,127.77,0.081,1.401,1.047,0.617,1.463,1.042,0.63,1.517,1.154
"527",5479,38.79,95.78,69.83,45.63,105.44,81.58,76.11,154.55,123.68,-0.781,0.922,0.788,-0.568,0.786,0.649,0.446,1.073,1.089
"528",5485,50.64,90.09,77.1,NA,NA,NA,NA,NA,NA,-0.283,0.836,0.959,NA,NA,NA,NA,NA,NA
"529",5538,48.96,125.05,87.07,59.61,146.6,106.99,93.94,166.5,156.01,-0.348,1.236,1.087,0.11,1.183,1.15,1.354,1.203,1.688
"530",5547,62.6,135.67,117.97,NA,NA,NA,NA,NA,NA,0.181,1.386,1.637,NA,NA,NA,NA,NA,NA
"531",5557,56.56,102.2,118.61,73.33,124.9,150.36,94.02,157.54,166.99,-0.047,0.963,1.655,0.845,0.995,1.818,1.359,1.104,2.057
"532",5574,65.3,126.52,132.11,NA,NA,NA,NA,NA,NA,0.3,1.321,1.892,NA,NA,NA,NA,NA,NA
"533",5601,45.73,150.23,112.29,61.01,145.51,130.44,85.9,187.23,166.45,-0.488,1.581,1.558,0.199,1.196,1.425,0.898,1.491,2.03
"534",5618,55.56,146.08,152.2,69.46,143.57,165.85,100.71,179.56,170.32,-0.084,1.464,2.375,0.661,1.159,2.351,1.879,1.37,2.29
"535",5631,65.9,152.24,147.56,NA,NA,NA,NA,NA,NA,0.311,1.661,2.252,NA,NA,NA,NA,NA,NA
"536",5644,NA,NA,NA,70.87,166.28,151.12,100.77,187.37,168.6,NA,NA,NA,0.755,1.497,1.922,1.885,1.494,2.153
"537",5647,51.08,111.25,120.86,NA,NA,NA,NA,NA,NA,-0.248,1.122,1.732,NA,NA,NA,NA,NA,NA
"538",5656,77.41,180.24,141.24,88.25,193.93,152.07,105.7,201.96,161.35,0.752,2.047,2.122,1.743,2.01,1.989,2.508,1.883,1.834
"539",5676,29.75,85.11,64,37.94,109.09,90.59,35.05,109.3,122.02,-1.236,0.726,0.657,-1.007,0.818,0.836,-1.237,0.638,1.063
"540",5682,81.34,157.64,147.25,83.91,177.95,159.68,102.11,201.43,171.19,1.039,1.601,2.241,1.409,1.638,2.153,2.022,1.861,2.387
"541",5685,NA,NA,NA,NA,NA,NA,NA,NA,NA,NA,NA,NA,NA,NA,NA,NA,NA,NA
"542",5686,19.34,57.93,83.08,39.16,85.36,97.66,37.58,112.95,131.52,-2.154,0.078,1.03,-0.939,0.512,0.949,-1.113,0.675,1.216
"543",5716,NA,NA,NA,NA,NA,NA,NA,NA,NA,NA,NA,NA,NA,NA,NA,NA,NA,NA
"544",5719,NA,NA,NA,NA,NA,NA,105.17,208.16,169.59,NA,NA,NA,NA,NA,NA,2.42,2.304,2.226
"545",5728,43.69,127.63,101.82,50.23,133.34,126.19,NA,NA,NA,-0.574,1.361,1.359,-0.338,1.063,1.406,NA,NA,NA
"546",5730,58.46,147.94,109.11,50.21,149.37,116.89,NA,NA,NA,0.044,1.583,1.504,-0.347,1.259,1.211,NA,NA,NA
"547",5742,22.2,85.45,51.13,31.24,92.45,69.78,44.28,124.68,79.07,-1.807,0.736,0.277,-1.44,0.614,0.509,-0.815,0.788,0.453
"548",5744,NA,NA,NA,NA,NA,NA,NA,NA,NA,NA,NA,NA,NA,NA,NA,NA,NA,NA
"549",5755,20.89,69.12,59.45,28.72,106.44,97.48,NA,NA,NA,-1.946,0.428,0.533,-1.639,0.815,0.944,NA,NA,NA
"550",5763,29.83,99.78,56.9,NA,NA,NA,NA,NA,NA,-1.234,0.939,0.465,NA,NA,NA,NA,NA,NA
"551",5772,35.57,95.26,65.42,47.16,138.05,103.33,NA,NA,NA,-0.93,0.896,0.702,-0.505,1.098,1.041,NA,NA,NA
"552",5777,NA,NA,NA,NA,NA,NA,NA,NA,NA,NA,NA,NA,NA,NA,NA,NA,NA,NA
"553",5778,28.47,93.92,81.44,53.16,145.65,127.64,NA,NA,NA,-1.323,0.883,1.026,-0.187,1.218,1.406,NA,NA,NA
"554",5781,NA,NA,NA,NA,NA,NA,NA,NA,NA,NA,NA,NA,NA,NA,NA,NA,NA,NA
"555",5799,32.99,105.65,63.66,28.79,105.85,55.71,NA,NA,NA,-1.054,1.032,0.647,-1.636,0.773,0.154,NA,NA,NA
"556",5805,69.55,149.17,120.16,82.64,183.74,151.38,97.82,197.94,168.23,0.46,1.546,1.685,1.365,1.771,1.927,1.629,1.737,2.128
"557",5809,72.77,165.67,148.52,NA,NA,NA,NA,NA,NA,0.629,1.747,2.287,NA,NA,NA,NA,NA,NA
"558",5818,61.74,137.98,106.71,80.29,149.59,133.21,58.22,187.43,157.14,0.143,1.404,1.494,1.263,1.298,1.481,-0.263,1.495,1.716
"559",5827,NA,NA,NA,NA,NA,NA,NA,NA,NA,NA,NA,NA,NA,NA,NA,NA,NA,NA
"560",5829,49.99,127.88,64.28,34.2,77.85,77.23,84.8,193.09,118.2,-0.301,1.358,0.665,-1.23,0.385,0.664,0.843,1.609,1.004
"561",5836,NA,NA,NA,NA,NA,NA,NA,NA,NA,NA,NA,NA,NA,NA,NA,NA,NA,NA
"562",5849,42.95,125.91,86.7,56.55,131.69,116.43,NA,NA,NA,-0.579,1.317,1.09,-0.038,1.083,1.21,NA,NA,NA
"563",5850,30.81,84.72,60.83,NA,NA,NA,NA,NA,NA,-1.183,0.717,0.569,NA,NA,NA,NA,NA,NA
"564",5862,60.17,147.58,110.76,69.17,174.17,134.41,93.17,206.69,150.07,0.096,1.603,1.579,0.627,1.588,1.592,1.305,2.161,1.555
"565",5865,NA,NA,NA,NA,NA,NA,NA,NA,NA,NA,NA,NA,NA,NA,NA,NA,NA,NA
"566",5880,50.05,146.2,123.39,73.57,165.68,116.67,84.54,183.05,141.5,-0.316,1.578,1.728,0.892,1.472,1.325,0.831,1.422,1.389
"567",5882,34.87,98.23,76.6,56.39,133.61,120.46,37.84,120.16,78.48,-1.048,0.925,0.947,-0.069,1.108,1.23,-1.101,0.745,0.444
"568",5903,45.81,139.64,106.48,53.64,146.32,99.84,NA,NA,NA,-0.457,1.394,1.442,-0.136,1.202,0.972,NA,NA,NA
"569",5904,NA,NA,NA,NA,NA,NA,NA,NA,NA,NA,NA,NA,NA,NA,NA,NA,NA,NA
"570",5923,40.06,104.97,78.41,53.86,127.73,96.99,95.65,196.81,149.62,-0.724,1.01,0.993,-0.116,1.053,0.935,1.469,1.704,1.546
"571",5934,65.97,165.95,147.04,88.42,181.49,169.53,105.8,201.05,172.2,0.31,1.784,2.207,1.762,1.755,2.662,2.525,1.845,2.545
"572",5936,55.59,139.38,112.17,60.6,146.84,102.72,79.85,169.82,127.43,-0.075,1.447,1.542,0.183,1.221,0.998,0.61,1.242,1.148
"573",5962,NA,NA,NA,NA,NA,NA,NA,NA,NA,NA,NA,NA,NA,NA,NA,NA,NA,NA
"574",5970,NA,NA,NA,NA,NA,NA,NA,NA,NA,NA,NA,NA,NA,NA,NA,NA,NA,NA
"575",5977,58.48,110.76,98.31,55.24,152.17,105.22,74.35,162.63,144.24,0.022,1.139,1.306,-0.064,1.337,1.033,0.372,1.159,1.44
"576",5979,NA,NA,NA,NA,NA,NA,NA,NA,NA,NA,NA,NA,NA,NA,NA,NA,NA,NA
"577",5999,65.7,141.57,151.06,NA,NA,NA,NA,NA,NA,0.315,1.448,2.34,NA,NA,NA,NA,NA,NA
"578",6016,54.39,145.37,121.54,70.99,153.16,147.19,88.92,191.63,159.33,-0.138,1.566,1.709,0.79,1.348,1.809,1.057,1.577,1.774
"579",6027,NA,NA,NA,NA,NA,NA,NA,NA,NA,NA,NA,NA,NA,NA,NA,NA,NA,NA
"580",6046,NA,NA,NA,NA,NA,NA,93.99,202.11,158.77,NA,NA,NA,NA,NA,NA,1.357,1.889,1.759
"581",6065,43.67,152.36,136.14,63.92,181.12,143.31,101.92,203.45,169.04,-0.568,1.672,2.019,0.37,1.721,1.758,2.001,1.953,2.183
"582",6068,56.05,138.06,89.66,78.27,146.44,117.63,90.65,190.14,141.88,-0.059,1.363,1.182,1.188,1.202,1.153,1.154,1.546,1.396
"583",6073,66.69,146.88,116.12,85.72,167.4,139.11,83.36,195.04,159.23,0.305,1.552,1.597,1.617,1.536,1.61,0.773,1.656,1.771
"584",6075,78.47,163.5,111.83,89.41,165.89,142.99,100.28,193.91,152.32,0.836,1.736,1.534,1.902,1.486,1.718,1.839,1.628,1.603
"585",6084,56.39,132.07,113.44,NA,NA,NA,NA,NA,NA,-0.051,1.389,1.543,NA,NA,NA,NA,NA,NA
"586",6085,48.08,108.73,65.96,67.43,147.87,94.07,NA,NA,NA,-0.373,1.18,0.702,0.58,1.247,0.898,NA,NA,NA
"587",6091,NA,NA,NA,NA,NA,NA,NA,NA,NA,NA,NA,NA,NA,NA,NA,NA,NA,NA
"588",6107,76.51,177.49,142.15,88.1,196.69,165.13,106.84,199.44,170.32,0.762,1.985,2.143,1.741,2.084,2.553,2.73,1.786,2.291
"589",6109,49.66,147.59,116.97,66.46,155.83,128.68,93.94,169.44,140.98,-0.335,1.59,1.61,0.497,1.367,1.438,1.354,1.238,1.38
"590",6130,57.92,126.72,109.13,78.88,162.73,137.05,90.08,187.47,146.18,0.013,1.341,1.512,1.187,1.425,1.571,1.121,1.496,1.477
"591",6137,43.24,123.82,90.29,64.08,147.23,122.06,82.31,168.45,145,-0.582,1.203,1.197,0.362,1.226,1.349,0.724,1.226,1.454
"592",6149,65.32,125.81,118.88,85.55,148.07,137.91,101.42,199.06,160.92,0.3,1.29,1.659,1.562,1.232,1.654,1.95,1.773,1.821
"593",6151,NA,NA,NA,NA,NA,NA,NA,NA,NA,NA,NA,NA,NA,NA,NA,NA,NA,NA
"594",6170,64.29,147.94,142.53,73.34,164.93,152.69,96.61,188.48,162.74,0.246,1.501,2.145,0.825,1.454,1.914,1.538,1.514,1.88
"595",6191,NA,NA,NA,NA,NA,NA,NA,NA,NA,NA,NA,NA,NA,NA,NA,NA,NA,NA
"596",6195,62.98,145.41,110.04,75.1,182.55,141.64,98.18,196.05,148.05,0.203,1.424,1.538,0.972,1.731,1.665,1.658,1.683,1.514
"597",6196,59.59,132.75,123.44,82.54,166.78,140.24,99.11,198.18,168.05,0.056,1.378,1.759,1.423,1.516,1.632,1.735,1.744,2.117
"598",6215,85.14,188.73,142.93,88.75,188.8,163.59,107.02,201.09,168.67,1.147,2.137,2.142,1.853,1.824,2.434,2.769,1.847,2.157
"599",6224,65.98,156.13,149.55,82.95,175.34,158.39,95.84,191.43,158.48,0.291,1.655,2.33,1.394,1.614,2.101,1.483,1.572,1.751
"600",6230,NA,NA,NA,NA,NA,NA,NA,NA,NA,NA,NA,NA,NA,NA,NA,NA,NA,NA
"601",6243,50.6,106.96,101.24,42.3,102.12,93.61,NA,NA,NA,-0.332,1.07,1.339,-0.732,0.715,0.903,NA,NA,NA
"602",6247,47.32,110.29,93.86,61.85,145.26,126.77,NA,NA,NA,-0.41,1.143,1.241,0.269,1.179,1.402,NA,NA,NA
"603",6249,47,138.81,110.62,69.76,166.01,139.74,88.91,195.21,156.35,-0.496,1.411,1.525,0.713,1.517,1.612,1.056,1.66,1.696
"604",6251,41.37,133.97,109.03,51.03,172.05,121.16,88.64,184.87,142.7,-0.671,1.414,1.474,-0.288,1.597,1.318,1.041,1.451,1.411
"605",6272,NA,NA,NA,NA,NA,NA,NA,NA,NA,NA,NA,NA,NA,NA,NA,NA,NA,NA
"606",6287,86.03,175.22,134.97,NA,NA,NA,NA,NA,NA,1.234,1.796,1.984,NA,NA,NA,NA,NA,NA
"607",6289,NA,NA,NA,NA,NA,NA,NA,NA,NA,NA,NA,NA,NA,NA,NA,NA,NA,NA
"608",6301,63.69,179.07,116.27,79.97,181.33,131.8,97.62,199.76,148.65,0.232,2.005,1.598,1.306,1.731,1.537,1.614,1.797,1.526
"609",6317,65.63,140.93,97.07,69.62,156,118.01,100.93,184.5,157.86,0.282,1.464,1.294,0.68,1.371,1.246,1.901,1.445,1.734
"610",6327,48.97,105.69,101.07,67.73,138.54,109.94,80.62,157.28,140.91,-0.352,1.028,1.318,0.569,1.111,1.202,0.645,1.101,1.378
"611",6334,36.71,124.6,91.33,56.76,134.69,129.12,93.47,150.99,157.42,-0.892,1.253,1.212,0.029,1.112,1.368,1.324,1.037,1.723
"612",6336,56.4,137.29,87.35,75.32,164.98,110.73,93.27,191.95,151.6,-0.071,1.439,1.11,0.964,1.46,1.094,1.311,1.583,1.587
"613",6340,59.82,155.04,132.84,82.55,180.03,141.65,98.83,197.23,161.46,0.058,1.694,1.966,1.433,1.678,1.694,1.712,1.716,1.837
"614",6345,86.1,170.26,137.83,90.58,198.48,158.74,104.18,192.76,169.26,1.194,1.886,2.044,2.034,2.141,2.15,2.274,1.601,2.199
"615",6348,66.01,106.44,102.52,75.17,157.88,135.38,87.06,158.92,134.61,0.317,1.02,1.355,0.97,1.345,1.61,0.958,1.118,1.268
"616",6350,75.42,146.97,132.98,79.25,170.19,148.68,102.15,194.75,165.28,0.726,1.594,1.958,1.207,1.532,1.87,2.027,1.649,1.977
"617",6352,60.15,150.9,112.52,78.36,171.11,137.6,101.73,183.21,155.25,0.055,1.522,1.56,1.195,1.606,1.654,1.982,1.425,1.669
"618",6379,71.02,148.89,116.28,NA,NA,NA,NA,NA,NA,0.54,1.618,1.609,NA,NA,NA,NA,NA,NA
"619",6394,37.66,88.91,66.44,53.96,105.92,110.69,65.39,97.54,123.48,-0.828,0.804,0.733,-0.117,0.802,1.093,0.012,0.511,1.086
"620",6403,60.07,180.96,138.32,NA,NA,NA,NA,NA,NA,0.097,2.03,2.068,NA,NA,NA,NA,NA,NA
"621",6405,69.3,160.98,137.67,NA,NA,NA,NA,NA,NA,0.434,1.752,2.003,NA,NA,NA,NA,NA,NA
"622",6416,47.7,126,80.81,66.24,164.08,115.51,77.04,175.38,122.12,-0.409,1.35,1.007,0.505,1.405,1.17,0.486,1.313,1.064
"623",6425,65.16,140.65,116.87,78.02,163.04,141.98,102.45,166.94,164.24,0.298,1.461,1.601,1.114,1.392,1.776,2.06,1.208,1.934
"624",6426,61.55,145.54,129.7,81.41,167.35,149.73,105.86,190.89,157.76,0.211,1.473,1.815,1.305,1.541,1.887,2.536,1.561,1.732
"625",6435,44.12,128.33,128.21,72.48,162.78,143.49,87.97,189.01,167.83,-0.564,1.371,1.833,0.82,1.386,1.71,1.006,1.524,2.104
"626",6451,62.99,103.24,111.36,NA,NA,NA,NA,NA,NA,0.203,0.966,1.533,NA,NA,NA,NA,NA,NA
"627",6470,NA,NA,NA,NA,NA,NA,NA,NA,NA,NA,NA,NA,NA,NA,NA,NA,NA,NA
"628",6475,NA,NA,NA,NA,NA,NA,45.63,138.41,148.84,NA,NA,NA,NA,NA,NA,-0.759,0.916,1.53
"629",6496,55.13,157.06,79.78,64.1,162.59,91.27,93.22,190.03,121.52,-0.116,1.706,0.996,0.37,1.391,0.857,1.308,1.544,1.055
"630",6503,44.37,126.97,79.25,46.74,126.02,120.02,68.99,154.27,132.72,-0.539,1.332,1.004,-0.527,0.97,1.301,0.154,1.07,1.236
"631",6527,65.37,159.6,93.22,79.25,181.69,138,101.03,196.89,160.28,0.288,1.739,1.244,1.229,1.763,1.586,1.911,1.706,1.802
"632",6529,NA,NA,NA,NA,NA,NA,NA,NA,NA,NA,NA,NA,NA,NA,NA,NA,NA,NA
"633",6532,54.25,126.42,95.26,56.56,161.13,137.97,82.95,190.01,151.32,-0.156,1.347,1.255,-0.038,1.395,1.589,0.754,1.543,1.581
"634",6539,63.6,169.3,117.62,80.48,190.63,146.94,102.08,204.62,167.45,0.18,1.87,1.65,1.263,1.905,1.852,2.019,2.017,2.082
"635",6568,76.42,169.5,152.21,89.58,192.57,168.27,106.07,201.69,169.94,0.711,1.877,2.379,1.915,2.057,2.542,2.574,1.871,2.256
"636",6589,44.14,108.99,129.2,73.33,148.7,146.7,93.15,157.23,167.92,-0.551,1.127,1.826,0.817,1.285,1.832,1.303,1.1,2.109
"637",6591,22.6,94.34,73.14,NA,NA,NA,NA,NA,NA,-1.766,0.889,0.851,NA,NA,NA,NA,NA,NA
"638",6592,30.64,76.37,67.25,42.43,102.31,107.46,NA,NA,NA,-1.21,0.603,0.74,-0.732,0.713,0.994,NA,NA,NA
"639",6595,21.74,91.72,76.87,39.21,144.27,125.07,65.02,176.04,132.34,-1.928,0.86,0.968,-0.937,1.182,1.376,-0.002,1.322,1.229
"640",6609,45.98,123.83,77.89,56.63,147.71,123.45,79.54,161.41,135.2,-0.469,1.201,0.979,-0.025,1.251,1.28,0.597,1.145,1.278
"641",6618,62.07,151.88,140.51,81.53,169.26,160.14,103.42,189.5,165.53,0.19,1.588,2.116,1.291,1.577,2.216,2.174,1.533,1.988
"642",6620,NA,NA,NA,NA,NA,NA,NA,NA,NA,NA,NA,NA,NA,NA,NA,NA,NA,NA
"643",6633,NA,NA,NA,NA,NA,NA,NA,NA,NA,NA,NA,NA,NA,NA,NA,NA,NA,NA
"644",6643,NA,NA,NA,NA,NA,NA,NA,NA,NA,NA,NA,NA,NA,NA,NA,NA,NA,NA
"645",6649,68.12,158.35,125.76,80.11,191.52,155.67,106.69,204.24,166.47,0.385,1.658,1.813,1.242,1.932,2.019,2.698,1.995,2.031
"646",6651,NA,NA,NA,NA,NA,NA,NA,NA,NA,NA,NA,NA,NA,NA,NA,NA,NA,NA
"647",6676,NA,NA,NA,NA,NA,NA,NA,NA,NA,NA,NA,NA,NA,NA,NA,NA,NA,NA
"648",6719,NA,NA,NA,NA,NA,NA,NA,NA,NA,NA,NA,NA,NA,NA,NA,NA,NA,NA
"649",6727,21.81,NA,45.33,28.08,73.54,60.14,33.17,91.23,79.52,-1.841,NA,0.063,-1.709,0.288,0.277,-1.335,0.434,0.46
"650",6729,53.86,163.04,132.51,83.83,180.22,154.13,105.94,189.32,163.79,-0.153,1.783,1.938,1.521,1.677,2.112,2.55,1.53,1.917
"651",6749,54.59,153.14,140.13,65.06,181.31,151.4,87.16,196.18,166.55,-0.129,1.567,2.046,0.414,1.719,1.863,0.963,1.686,2.035
"652",6752,79.02,146.13,102.71,NA,NA,NA,NA,NA,NA,0.855,1.566,1.363,NA,NA,NA,NA,NA,NA
"653",6769,40.32,63.33,88.94,51.81,104.69,122.58,85.4,146.87,159.07,-0.712,0.298,1.138,-0.239,0.771,1.346,0.873,0.996,1.767
"654",6779,57.06,152.19,115.24,75.79,169.46,151.37,94.16,188.54,150,-0.057,1.633,1.581,1.009,1.52,1.831,1.368,1.515,1.553
"655",6781,75.92,166.26,125.57,84.8,176.47,141.82,92.6,198.64,157.03,0.703,1.873,1.741,1.539,1.673,1.707,1.269,1.759,1.713
"656",6790,29.23,96.1,58.52,34.37,125.3,58.63,77.23,120.71,93.16,-1.28,0.888,0.501,-1.219,0.984,0.234,0.494,0.75,0.653
"657",6793,57.72,126.22,84.2,56.85,127.92,113.9,91.05,167.24,134.21,-0.014,1.341,1.05,-0.013,1.053,1.162,1.177,1.212,1.261
"658",6818,47.26,126.1,88.55,61.29,150.22,107.4,84.39,187.36,126.29,-0.421,1.3,1.143,0.247,1.322,1.044,0.823,1.494,1.13
"659",6822,53.93,124.82,77.35,57.12,167.09,112.47,84.46,195.63,134.41,-0.169,1.242,0.965,0.031,1.474,1.122,0.826,1.671,1.264
"660",6823,61.51,167.55,117.48,82.83,175.21,151.89,94.65,190.65,141.44,0.128,1.861,1.615,1.417,1.609,1.854,1.401,1.556,1.388
"661",6840,47.92,125.69,85.56,66.76,140.97,111.5,92.88,170.52,131.52,-0.39,1.352,1.054,0.469,1.14,1.127,1.287,1.251,1.216
"662",6846,56.53,124.81,89.63,NA,NA,NA,NA,NA,NA,-0.06,1.261,1.168,NA,NA,NA,NA,NA,NA
"663",6853,NA,NA,NA,NA,NA,NA,NA,NA,NA,NA,NA,NA,NA,NA,NA,NA,NA,NA
"664",6877,NA,NA,NA,NA,NA,NA,NA,NA,NA,NA,NA,NA,NA,NA,NA,NA,NA,NA
"665",6878,NA,NA,NA,NA,NA,NA,NA,NA,NA,NA,NA,NA,NA,NA,NA,NA,NA,NA
"666",6885,NA,NA,NA,NA,NA,NA,NA,NA,NA,NA,NA,NA,NA,NA,NA,NA,NA,NA
"667",6890,NA,NA,NA,NA,NA,NA,NA,NA,NA,NA,NA,NA,NA,NA,NA,NA,NA,NA
"668",6895,76.38,143.44,101.01,81.11,164.49,142.29,97.32,181.43,149.99,0.727,1.434,1.323,1.355,1.413,1.738,1.591,1.398,1.553
"669",6904,45.91,127.79,124.88,68.96,169.22,137.62,96.24,181.84,156.63,-0.493,1.396,1.808,0.651,1.571,1.662,1.511,1.404,1.703
"670",6931,54.75,115.88,94.4,81.94,145.93,141.84,88.02,152.12,120.01,-0.115,1.198,1.268,1.302,1.193,1.7,1.008,1.048,1.032
"671",6933,37.88,125.39,105.95,51.42,151.99,128.19,81.18,163.7,147.49,-0.894,1.338,1.451,-0.247,1.309,1.439,0.671,1.171,1.503
"672",6959,41.76,58.01,77.08,59.15,99.1,105.35,87.05,155.5,126.25,-0.643,0.079,0.959,0.126,0.668,1.041,0.957,1.082,1.13
"673",6960,49.88,105.82,100.69,71.78,149.54,129.92,88.61,184.86,143.91,-0.322,1.099,1.321,0.752,1.302,1.406,1.04,1.451,1.434
"674",6963,48.16,144.67,103.17,64.87,157.37,124.46,92.37,174.6,145.31,-0.39,1.561,1.377,0.431,1.379,1.378,1.255,1.303,1.46
"675",6969,63.18,130.13,105.83,57.45,128,127.79,71.57,NA,142.25,0.157,1.418,1.449,0.064,1.019,1.429,0.257,NA,1.403
"676",6983,92.66,157.16,129,93.71,192.37,154.59,106.44,189.96,168.05,1.539,1.697,1.845,2.187,1.973,2.023,2.646,1.542,2.117
"677",6985,NA,NA,NA,NA,NA,NA,NA,NA,NA,NA,NA,NA,NA,NA,NA,NA,NA,NA
"678",6986,71.27,169.42,140.1,77.75,180.48,149.66,100.46,199.6,162.14,0.51,1.89,2.09,1.156,1.688,1.91,1.856,1.791,1.859
"679",6992,59.49,165.87,103.12,82.36,181.06,129.89,91.97,191.59,128.14,0.015,1.761,1.373,1.431,1.691,1.475,1.231,1.576,1.16
"680",7000,NA,NA,NA,NA,NA,NA,NA,NA,NA,NA,NA,NA,NA,NA,NA,NA,NA,NA
"681",7007,52.48,146.29,141.84,73.84,165.89,150.15,91.6,193.97,163.16,-0.191,1.459,2.111,0.911,1.485,1.921,1.209,1.629,1.894
"682",7018,NA,NA,NA,NA,NA,NA,NA,NA,NA,NA,NA,NA,NA,NA,NA,NA,NA,NA
"683",7045,NA,NA,NA,NA,NA,NA,NA,NA,NA,NA,NA,NA,NA,NA,NA,NA,NA,NA
"684",7048,29.96,86.18,111.04,64.88,131.74,141.1,69.09,NA,158.72,-1.255,0.692,1.527,0.438,1.058,1.643,0.158,NA,1.757
"685",7079,61.99,147.78,102.05,74.78,166.6,135.68,96.07,172.01,148.6,0.164,1.525,1.347,0.917,1.51,1.55,1.499,1.27,1.525
"686",7097,47.81,154.66,89.9,68.02,166.42,117.87,79.97,190.9,130.03,-0.402,1.668,1.189,0.552,1.457,1.347,0.616,1.561,1.191
"687",7105,NA,NA,NA,NA,NA,NA,NA,NA,NA,NA,NA,NA,NA,NA,NA,NA,NA,NA
"688",7110,58.41,123.3,89.9,NA,NA,NA,NA,NA,NA,0.048,1.24,1.177,NA,NA,NA,NA,NA,NA
"689",7119,56.24,167.48,129.3,NA,NA,NA,NA,NA,NA,-0.064,1.839,1.865,NA,NA,NA,NA,NA,NA
"690",7130,62.84,127.59,75.42,NA,NA,NA,NA,NA,NA,0.209,1.315,0.915,NA,NA,NA,NA,NA,NA
"691",7140,67.93,162.98,83.78,87.61,179.48,117.86,96.41,194.37,161.69,0.438,1.751,1.046,1.75,1.684,1.23,1.523,1.639,1.845
"692",7145,57.49,147.27,116.51,65.43,165.59,140.91,84.52,185.45,154.84,-0.029,1.588,1.598,0.469,1.469,1.67,0.83,1.461,1.66
"693",7150,NA,NA,NA,NA,NA,NA,NA,NA,NA,NA,NA,NA,NA,NA,NA,NA,NA,NA
"694",7151,67.15,166.56,95.73,69.48,182.18,130.11,93.05,199.47,140,0.346,1.814,1.273,0.658,1.764,1.484,1.297,1.787,1.362
"695",7174,NA,NA,NA,NA,NA,NA,NA,NA,NA,NA,NA,NA,NA,NA,NA,NA,NA,NA
"696",7197,76.2,166.18,103.82,85.37,180.48,134.77,99.59,197.57,152.85,0.739,1.808,1.39,1.537,1.696,1.611,1.777,1.726,1.614
"697",7221,54.8,156.81,89.58,NA,NA,NA,NA,NA,NA,-0.125,1.709,1.192,NA,NA,NA,NA,NA,NA
"698",7237,NA,NA,NA,NA,NA,NA,NA,NA,NA,NA,NA,NA,NA,NA,NA,NA,NA,NA
"699",7246,59.7,156.8,130.34,87.75,171.6,156.53,104.3,200.89,162.66,0.046,1.714,1.899,1.706,1.565,2.053,2.291,1.839,1.877
"700",7255,65.78,147.97,110.7,NA,NA,NA,NA,NA,NA,0.34,1.457,1.515,NA,NA,NA,NA,NA,NA
"701",7257,NA,NA,NA,NA,NA,NA,NA,NA,NA,NA,NA,NA,NA,NA,NA,NA,NA,NA
"702",7265,35.32,106.96,84.8,39.06,146.77,112.11,41.58,167.01,118.83,-0.942,1.1,1.058,-0.928,1.198,1.166,-0.932,1.209,1.014
"703",7267,79.5,167.14,104.94,82.84,186.15,140.3,103.04,192.67,133.88,0.869,1.787,1.442,1.438,1.876,1.717,2.128,1.599,1.255
"704",7289,NA,NA,NA,NA,NA,NA,NA,NA,NA,NA,NA,NA,NA,NA,NA,NA,NA,NA
"705",7303,75.17,186.88,129.53,NA,NA,NA,NA,NA,NA,0.736,2.151,1.83,NA,NA,NA,NA,NA,NA
"706",7312,65.1,172.43,122.28,NA,NA,NA,86.23,185.02,164.46,0.274,1.951,1.748,NA,NA,NA,0.915,1.454,1.943
"707",7322,67.22,146.67,104.2,79.75,189.59,144.39,102.78,168.33,164.04,0.407,1.521,1.404,1.23,1.847,1.79,2.098,1.225,1.927
"708",7333,65.71,147.01,88.84,68.22,166.58,117.04,82.98,182.31,143.88,0.322,1.549,1.146,0.581,1.51,1.199,0.755,1.411,1.433
"709",7342,77.5,178.95,131.52,78.9,184.53,153.9,103.82,186.22,164.91,0.753,2,1.929,1.161,1.845,1.989,2.226,1.474,1.961
"710",7344,54.62,142.98,116.22,69.51,164.76,142.11,96.48,183.88,157.73,-0.119,1.468,1.592,0.683,1.418,1.675,1.528,1.435,1.731
"711",7346,66.74,NA,98.33,69.09,NA,129.53,84.31,165,154.58,0.337,NA,1.294,0.617,NA,1.474,0.819,1.186,1.654
"712",7359,46.98,117.88,102.47,77.11,143.76,129.52,104.41,185.72,148.64,-0.455,1.202,1.367,1.016,1.183,1.456,2.306,1.465,1.526
"713",7365,NA,NA,NA,NA,NA,NA,NA,NA,NA,NA,NA,NA,NA,NA,NA,NA,NA,NA
"714",7369,71.23,157.82,139.25,84.04,148.45,152.57,93.09,188.42,162.13,0.57,1.707,2.068,1.534,1.268,1.908,1.3,1.513,1.859
"715",7370,47.8,114.23,77.88,67.52,125.4,89.85,81.04,164.86,115.26,-0.434,1.208,0.971,0.568,0.993,0.821,0.665,1.184,0.96
"716",7372,73.43,165.66,144.2,68.87,189.42,147.1,96.93,189.34,161.22,0.634,1.849,2.185,0.626,1.923,1.883,1.561,1.53,1.83
"717",7377,NA,NA,NA,NA,NA,NA,NA,NA,NA,NA,NA,NA,NA,NA,NA,NA,NA,NA
"718",7400,55.94,126.63,92.63,73.96,148.41,106.35,93.82,163.87,129.64,-0.079,1.326,1.226,0.931,1.229,1.135,1.346,1.173,1.185
"719",7410,NA,NA,NA,NA,NA,NA,NA,NA,NA,NA,NA,NA,NA,NA,NA,NA,NA,NA
"720",7450,NA,NA,NA,NA,NA,NA,NA,NA,NA,NA,NA,NA,NA,NA,NA,NA,NA,NA
"721",7453,27.74,NA,61.87,22.57,89.5,61.6,NA,NA,NA,-1.576,NA,0.591,-2.245,0.575,0.319,NA,NA,NA
"722",7470,NA,NA,NA,NA,NA,NA,101.46,197.49,161.89,NA,NA,NA,NA,NA,NA,1.954,1.723,1.851
"723",7475,62.24,145.44,112.98,NA,NA,NA,NA,NA,NA,0.152,1.419,1.561,NA,NA,NA,NA,NA,NA
"724",7478,65.16,145.53,108.53,NA,NA,NA,NA,NA,NA,0.289,1.527,1.49,NA,NA,NA,NA,NA,NA
"725",7479,78.95,158.75,126.14,NA,NA,NA,NA,NA,NA,0.903,1.655,1.774,NA,NA,NA,NA,NA,NA
"726",7480,50.52,127.37,88.74,72.33,161.23,132.13,NA,NA,NA,-0.274,1.313,1.149,0.782,1.375,1.448,NA,NA,NA
"727",7498,57.94,104.38,72.54,NA,NA,NA,NA,NA,NA,-0.001,1.016,0.828,NA,NA,NA,NA,NA,NA
"728",7504,NA,NA,NA,NA,NA,NA,68.41,139.31,138.56,NA,NA,NA,NA,NA,NA,0.131,0.924,1.336
"729",7534,43.5,119.33,122.69,55.57,148.91,124.41,77.16,153.46,142.2,-0.57,1.186,1.763,-0.072,1.292,1.306,0.491,1.061,1.402
"730",7535,20.9,NA,58.76,25.21,84.9,59.69,40.93,104.88,83.49,-1.95,NA,0.516,-1.986,0.45,0.253,-0.96,0.593,0.518
"731",7539,NA,NA,NA,NA,NA,NA,NA,NA,NA,NA,NA,NA,NA,NA,NA,NA,NA,NA
"732",7556,52.97,148.53,104,72.18,182.71,139.55,91.1,185.46,166.47,-0.203,1.523,1.4,0.772,1.736,1.641,1.18,1.461,2.031
"733",7558,NA,NA,NA,NA,NA,NA,NA,NA,NA,NA,NA,NA,NA,NA,NA,NA,NA,NA
"734",7569,NA,NA,NA,NA,NA,NA,NA,NA,NA,NA,NA,NA,NA,NA,NA,NA,NA,NA
"735",7578,55.85,129.86,88.94,55.28,161.2,112.73,82.35,201.29,140.84,-0.09,1.391,1.145,-0.096,1.416,1.221,0.725,1.855,1.377
"736",7603,NA,NA,NA,NA,NA,NA,NA,NA,NA,NA,NA,NA,NA,NA,NA,NA,NA,NA
"737",7625,52.74,123.27,103.08,65.51,136.76,136.71,75.19,124.77,149.35,-0.223,1.282,1.384,0.405,1.13,1.562,0.407,0.788,1.54
"738",7626,72.75,181.44,135.6,80.21,194.04,154.26,103.01,205.56,169.67,0.596,2.062,2.012,1.284,2.008,1.991,2.125,2.076,2.232
"739",7641,64.78,125.6,91.51,64.56,165.58,118,95.52,178.55,139.07,0.214,1.249,1.22,0.393,1.425,1.175,1.46,1.356,1.345
"740",7658,75.1,173,133.62,87.61,181.79,162.18,104.31,164.55,160.33,0.669,1.936,1.884,1.7,1.766,2.305,2.292,1.18,1.803
"741",7663,64.13,175.12,141.29,83.08,193.13,160.83,102.69,199.87,171.15,0.225,1.83,2.112,1.422,1.965,2.257,2.087,1.801,2.381
"742",7674,50.03,144.81,93.04,55.46,156.14,131.56,79.46,188.3,147.37,-0.299,1.492,1.233,-0.079,1.372,1.461,0.593,1.511,1.5
"743",7684,59.56,148.29,112.81,73.29,177.88,147.76,92.98,179.93,153.9,0.051,1.514,1.542,0.908,1.625,1.823,1.293,1.376,1.638
"744",7697,49.75,106.27,90.73,NA,NA,NA,NA,NA,NA,-0.343,1.063,1.199,NA,NA,NA,NA,NA,NA
"745",7699,47.03,NA,80,NA,NA,NA,NA,NA,NA,-0.433,NA,1.004,NA,NA,NA,NA,NA,NA
"746",7709,77.08,149.16,109.39,87.72,168.14,137.55,105.04,188.44,168.34,0.774,1.635,1.501,1.718,1.509,1.587,2.4,1.513,2.136
"747",7719,NA,NA,NA,NA,NA,NA,82.03,184.89,140.96,NA,NA,NA,NA,NA,NA,0.71,1.452,1.379
"748",7728,68.63,160.09,132.04,NA,NA,NA,NA,NA,NA,0.406,1.75,1.869,NA,NA,NA,NA,NA,NA
"749",7734,30.37,87.77,104.08,43.85,124.9,115.55,45.52,109.49,116.83,-1.202,0.768,1.4,-0.663,0.995,1.174,-0.763,0.64,0.984
"750",7755,60.7,106.26,90.99,65.62,143.37,131.63,95.71,150.81,138.31,0.124,1.02,1.216,0.468,1.178,1.462,1.473,1.035,1.332
"751",7757,NA,NA,NA,NA,NA,NA,NA,NA,NA,NA,NA,NA,NA,NA,NA,NA,NA,NA
"752",7786,49.52,140.79,101.67,80.3,182.38,140.43,95.84,185.95,153.44,-0.318,1.46,1.347,1.279,1.8,1.722,1.482,1.469,1.628
"753",7791,37.52,NA,45.46,50.28,74.07,56.13,38.44,116.09,86.41,-0.866,NA,0.068,-0.3,0.283,0.166,-1.073,0.706,0.56
"754",7792,66.53,146.5,97.17,70.01,163.78,117.56,61.11,145.92,125.76,0.348,1.516,1.275,0.684,1.4,1.212,-0.152,0.987,1.122
"755",7814,NA,NA,NA,NA,NA,NA,NA,NA,NA,NA,NA,NA,NA,NA,NA,NA,NA,NA
"756",7815,28.43,88.63,79.97,NA,NA,NA,NA,NA,NA,-1.327,0.801,1.001,NA,NA,NA,NA,NA,NA
"757",7819,44.24,108.46,91.69,60.13,166.9,121.71,82.36,178.87,146.46,-0.548,1.168,1.218,0.215,1.521,1.334,0.726,1.361,1.482
"758",7839,NA,NA,NA,NA,NA,NA,NA,NA,NA,NA,NA,NA,NA,NA,NA,NA,NA,NA
"759",7840,44.21,53.49,66.53,56.94,106.91,75.37,54.62,102.65,83.53,-0.529,-0.076,0.726,-0.021,0.794,0.632,-0.401,0.569,0.519
"760",7850,26.73,55.93,64.31,42.67,87.51,76.62,73.18,112.8,89.9,-1.446,0.008,0.668,-0.72,0.502,0.656,0.323,0.673,0.608
"761",7860,34.04,74.96,58.32,40.4,122.79,80.42,61.21,118.99,80.93,-0.997,0.54,0.506,-0.856,0.943,0.63,-0.148,0.734,0.481
"762",7883,40.69,122.47,88.05,47.67,144.58,113.85,76.26,183.04,138.87,-0.68,1.217,1.125,-0.435,1.188,1.157,0.453,1.422,1.342
"763",7885,NA,NA,NA,NA,NA,NA,NA,NA,NA,NA,NA,NA,NA,NA,NA,NA,NA,NA
"764",7888,NA,NA,NA,NA,NA,NA,NA,NA,NA,NA,NA,NA,NA,NA,NA,NA,NA,NA
"765",7903,NA,NA,NA,NA,NA,NA,NA,NA,NA,NA,NA,NA,NA,NA,NA,NA,NA,NA
"766",7910,29.24,NA,73.63,51.18,77.04,90.3,NA,NA,NA,-1.264,NA,0.858,-0.296,0.366,0.716,NA,NA,NA
"767",7957,NA,NA,NA,NA,NA,NA,NA,NA,NA,NA,NA,NA,NA,NA,NA,NA,NA,NA
"768",7996,NA,NA,NA,NA,NA,NA,NA,NA,NA,NA,NA,NA,NA,NA,NA,NA,NA,NA
"769",8021,NA,NA,NA,NA,NA,NA,NA,NA,NA,NA,NA,NA,NA,NA,NA,NA,NA,NA
"770",8024,NA,NA,NA,NA,NA,NA,NA,NA,NA,NA,NA,NA,NA,NA,NA,NA,NA,NA
"771",8031,49.32,115.27,71.36,62.04,134.75,106.45,74.41,161.52,142.42,-0.333,1.17,0.811,0.282,1.038,1.152,0.374,1.147,1.406
"772",8054,NA,NA,NA,NA,NA,NA,NA,NA,NA,NA,NA,NA,NA,NA,NA,NA,NA,NA
"773",8068,50.86,152.39,108.43,61.84,165.69,119.17,81.82,198.81,141.73,-0.297,1.671,1.493,0.265,1.434,1.282,0.701,1.765,1.393
"774",8079,NA,NA,NA,NA,NA,NA,NA,NA,NA,NA,NA,NA,NA,NA,NA,NA,NA,NA
"775",8101,50.39,136.75,114.75,52.58,149.06,131.3,82.04,171.68,140.9,-0.31,1.436,1.582,-0.198,1.296,1.444,0.711,1.265,1.378
"776",8108,81.73,175.63,132.1,94.21,179.81,160.77,104.7,205.22,167.95,0.927,1.943,1.867,2.178,1.732,2.266,2.349,2.054,2.111
"777",8144,74.96,179.02,147.82,92.99,191.99,164.69,104.25,202.52,153.03,0.676,1.934,2.276,2.075,1.991,2.296,2.284,1.908,1.619
"778",8155,78.45,165.62,124.53,NA,NA,NA,NA,NA,NA,0.769,1.762,1.8,NA,NA,NA,NA,NA,NA
"779",8160,57.08,123.23,90.21,62.77,149.07,121.37,84.84,116.22,145.07,-0.059,1.217,1.192,0.293,1.282,1.424,0.845,0.707,1.456
"780",8161,56.06,152.75,121.46,69.42,173.63,144.64,NA,NA,NA,-0.093,1.628,1.718,0.691,1.64,1.785,NA,NA,NA
"781",8167,NA,NA,NA,NA,NA,NA,NA,NA,NA,NA,NA,NA,NA,NA,NA,NA,NA,NA
"782",8228,NA,NA,NA,NA,NA,NA,NA,NA,NA,NA,NA,NA,NA,NA,NA,NA,NA,NA
"783",8229,56.14,120.46,90.09,64.61,154.91,116.97,93.41,179.52,128.65,-0.078,1.207,1.195,0.412,1.317,1.222,1.32,1.37,1.168
"784",8230,25.5,106.53,88.38,59.81,144.18,117.09,72.64,182.34,123.07,-1.525,1.059,1.142,0.099,1.183,1.225,0.301,1.411,1.079
"785",8236,53.38,143.62,89.82,68.54,148.22,103.74,73.53,168.6,127.96,-0.18,1.517,1.196,0.607,1.239,1.045,0.338,1.228,1.157
"786",8237,39.5,147.39,87.57,63.69,167.75,111.45,72.12,192.12,125.96,-0.751,1.602,1.114,0.316,1.553,1.227,0.28,1.587,1.125
"787",8240,60.73,144.19,128.41,77.03,182.74,141.17,96.28,172.7,155.52,0.135,1.415,1.857,1.135,1.8,1.747,1.514,1.278,1.676
"788",8261,NA,NA,NA,78.06,160.27,151.87,97.58,181.06,169.6,NA,NA,NA,1.18,1.361,1.885,1.611,1.392,2.226
"789",8286,44.37,102.4,84.33,54.81,138.19,107.52,79.36,144.64,135.83,-0.533,0.957,1.054,-0.067,1.072,1.038,0.588,0.975,1.289
"790",8300,28.02,118.38,74.9,49.72,145.12,106.91,46.88,129.98,108.54,-1.342,1.195,0.901,-0.313,1.192,1.039,-0.707,0.837,0.863
"791",8305,59.83,147.31,81.29,85.4,189.52,129.89,88.06,173.79,149.08,0.08,1.575,1.016,1.534,1.924,1.47,1.01,1.292,1.534
"792",8319,59.76,159.06,67.2,67.81,167.75,93.03,95.6,191.3,142.33,0.074,1.697,0.739,0.572,1.555,0.962,1.465,1.57,1.404
"793",8321,59.5,167.06,132.98,NA,NA,NA,NA,NA,NA,0.039,1.828,1.899,NA,NA,NA,NA,NA,NA
"794",8332,63.97,148.22,103.44,NA,NA,NA,NA,NA,NA,0.254,1.559,1.378,NA,NA,NA,NA,NA,NA
"795",8346,70.16,178.84,145.39,83.1,193.61,159.63,105.53,195.46,171.15,0.455,1.918,2.209,1.457,2.044,2.189,2.478,1.667,2.381
"796",8347,54.72,165.33,108.38,67.1,182.75,140.94,94.66,172.67,158.85,-0.135,1.795,1.499,0.522,1.8,1.657,1.401,1.278,1.761
"797",8356,43.69,106.28,70.09,44.97,157.24,100.84,60.33,146.89,91.59,-0.576,1.066,0.789,-0.62,1.386,0.985,-0.182,0.996,0.632
"798",8364,61.25,145.91,103.46,66.3,144.26,138.35,80.78,181.25,160.66,0.131,1.541,1.384,0.486,1.184,1.605,0.653,1.395,1.813
"799",8372,NA,NA,NA,NA,NA,NA,NA,NA,NA,NA,NA,NA,NA,NA,NA,NA,NA,NA
"800",8383,57.37,175.58,91.5,NA,NA,NA,NA,NA,NA,0.014,1.949,1.224,NA,NA,NA,NA,NA,NA
"801",8389,38.38,104.22,88.29,NA,NA,NA,NA,NA,NA,-0.796,0.981,1.134,NA,NA,NA,NA,NA,NA
"802",8394,NA,NA,NA,NA,NA,NA,NA,NA,NA,NA,NA,NA,NA,NA,NA,NA,NA,NA
"803",8401,45.49,126.05,88.23,53.26,149.9,129.11,80.59,167.31,129.58,-0.518,1.349,1.127,-0.135,1.263,1.386,0.644,1.212,1.183
"804",8403,80.71,172.5,126.98,NA,NA,NA,NA,NA,NA,0.927,1.931,1.828,NA,NA,NA,NA,NA,NA
"805",8405,75.3,169.58,123.49,82.63,196.7,145.9,106.94,208.16,163.86,0.749,1.873,1.749,1.432,2.088,1.833,2.752,2.304,1.92
"806",8419,66.46,161.93,134.07,85.07,174.62,162.39,104.96,202.44,164.95,0.313,1.721,1.962,1.649,1.636,2.359,2.387,1.904,1.963
"807",8423,61.53,NA,NA,75.64,126.31,NA,NA,NA,NA,0.069,NA,NA,0.997,1.009,NA,NA,NA,NA
"808",8430,54.8,168.12,71.64,67.93,167.41,114.41,93.02,195.88,139.37,-0.137,1.844,0.816,0.515,1.552,1.153,1.295,1.678,1.35
"809",8452,62.7,91.82,116.5,63.94,130.31,116.57,81,114.38,131.01,0.198,0.911,1.603,0.378,1.027,1.122,0.663,0.689,1.207
"810",8456,69.88,179.82,104.73,87.65,193.71,142.56,97.92,208.44,166.96,0.488,2.027,1.426,1.727,1.978,1.735,1.637,2.338,2.056
"811",8460,52.24,124.99,73,76.42,144.72,108.94,86.71,162.7,125.91,-0.236,1.297,0.84,1.033,1.208,1.066,0.939,1.16,1.124
"812",8464,39.18,60.28,89.69,47.03,85.41,110.89,52.77,152.47,126.59,-0.767,0.155,1.177,-0.483,0.506,1.092,-0.473,1.051,1.135
"813",8474,76.9,164.69,136,84.74,178.69,160.7,107.02,197.95,168.78,0.834,1.806,1.984,1.583,1.652,2.257,2.769,1.737,2.165
"814",8477,58.79,101.91,126.16,80.17,146.75,141.39,97.16,168.33,157.93,-0.015,0.966,1.78,1.315,1.183,1.688,1.579,1.224,1.736
"815",8478,38.28,89.99,88.69,71.03,149.08,106.38,97.72,190.05,122.91,-0.807,0.822,1.141,0.749,1.285,1.03,1.622,1.544,1.077
"816",8479,69.56,127.49,112.16,76.62,175.56,140.51,103.98,187.19,169.28,0.47,1.402,1.538,1.118,1.609,1.647,2.247,1.491,2.201
"817",8511,22.92,99.66,61.48,47.72,125.46,83.08,76.8,147.49,101.6,-1.736,0.962,0.587,-0.465,0.988,0.767,0.476,1.002,0.767
"818",8524,NA,NA,NA,NA,NA,NA,NA,NA,NA,NA,NA,NA,NA,NA,NA,NA,NA,NA
"819",8536,55.5,143.97,128.9,63.9,168.64,149.04,91.93,189.67,154.29,-0.11,1.49,1.859,0.353,1.509,1.878,1.229,1.537,1.647
"820",8588,NA,NA,NA,NA,NA,NA,NA,NA,NA,NA,NA,NA,NA,NA,NA,NA,NA,NA
"821",8607,45.01,126.15,101.61,65.59,148.37,147.15,86.36,170.76,166.84,-0.536,1.299,1.339,0.459,1.243,1.849,0.922,1.254,2.05
"822",8614,NA,NA,NA,NA,NA,NA,NA,NA,NA,NA,NA,NA,NA,NA,NA,NA,NA,NA
"823",8672,27.78,88.36,71.61,43.47,109.35,102,81.21,139,126.92,-1.349,0.789,0.815,-0.681,0.818,1.003,0.672,0.921,1.14
"824",8677,47.86,120.55,101.77,NA,NA,NA,NA,NA,NA,-0.38,1.206,1.339,NA,NA,NA,NA,NA,NA
"825",8686,27,69.38,65.23,34.74,87.67,79.88,NA,NA,NA,-1.416,0.433,0.693,-1.202,0.506,0.627,NA,NA,NA
"826",8688,57.26,141.93,115.3,62.63,170.84,154,89.62,184.26,155.24,-0.013,1.413,1.601,0.333,1.605,2.002,1.095,1.441,1.669
"827",8690,NA,NA,NA,NA,NA,NA,NA,NA,NA,NA,NA,NA,NA,NA,NA,NA,NA,NA
"828",8700,39.49,102.11,70.72,41.83,105.95,89.79,79.8,156.7,123.46,-0.758,0.951,0.8,-0.785,0.799,0.814,0.608,1.095,1.085
"829",8701,NA,NA,NA,NA,NA,NA,NA,NA,NA,NA,NA,NA,NA,NA,NA,NA,NA,NA
"830",8703,33.73,106.99,51.76,40.16,123.35,54.94,NA,NA,NA,-1.02,1.102,0.294,-0.867,0.947,0.129,NA,NA,NA
"831",8706,62,134.94,124.63,85.95,172.54,145.4,97.91,201.99,163.77,0.182,1.35,1.768,1.65,1.579,1.802,1.637,1.884,1.917
"832",8720,48.67,118.72,72.21,54.92,167.4,95.32,69.63,132.89,110.12,-0.361,1.205,0.828,-0.104,1.489,0.906,0.179,0.864,0.886
"833",8722,55.43,147.41,89.94,NA,NA,NA,NA,NA,NA,-0.09,1.524,1.199,NA,NA,NA,NA,NA,NA
"834",8728,29.75,78,75.46,45.29,101.95,93.81,NA,NA,NA,-1.254,0.584,0.911,-0.588,0.694,0.899,NA,NA,NA
"835",8747,39.03,126.51,104.07,66.03,151.95,131.04,NA,NA,NA,-0.772,1.325,1.405,0.469,1.273,1.518,NA,NA,NA
"836",8765,27.26,95.63,83.3,35.3,116.77,92.62,60.16,137.6,114.3,-1.391,0.909,1.041,-1.158,0.928,0.869,-0.188,0.908,0.946
"837",8774,43.09,147.04,112.33,NA,NA,NA,NA,NA,NA,-0.591,1.526,1.549,NA,NA,NA,NA,NA,NA
"838",8775,77.57,162.49,137.91,NA,NA,NA,NA,NA,NA,0.715,1.761,2.052,NA,NA,NA,NA,NA,NA
"839",8785,78.98,171.67,134.23,83.35,183.21,168.02,NA,NA,NA,0.868,1.908,1.956,1.47,1.801,2.524,NA,NA,NA
"840",8787,53.72,126.21,103.28,60.25,164.94,131.81,102.48,191.01,140.45,-0.161,1.36,1.377,0.155,1.416,1.502,2.064,1.564,1.37
"841",8798,64.43,163.2,141.74,82.64,185.73,156.58,100.55,200.31,168.43,0.271,1.779,2.129,1.409,1.912,2.043,1.864,1.817,2.141
"842",8799,53.63,108.45,85.57,59.01,152.42,129.21,NA,NA,NA,-0.166,1.09,1.07,0.114,1.29,1.46,NA,NA,NA
"843",8808,NA,NA,NA,NA,NA,NA,NA,NA,NA,NA,NA,NA,NA,NA,NA,NA,NA,NA
"844",8828,55.19,125.77,129.78,70.59,160.76,150.42,94.56,195.19,166.19,-0.102,1.243,1.855,0.696,1.367,1.826,1.394,1.66,2.018
"845",8846,27.7,111.64,60.62,46.84,137.45,103.84,NA,NA,NA,-1.386,1.162,0.562,-0.527,1.11,0.97,NA,NA,NA
"846",8850,NA,NA,NA,NA,NA,NA,NA,NA,NA,NA,NA,NA,NA,NA,NA,NA,NA,NA
"847",8852,38.16,144.64,89.23,NA,NA,NA,NA,NA,NA,-0.809,1.523,1.176,NA,NA,NA,NA,NA,NA
"848",8853,NA,NA,NA,NA,NA,NA,NA,NA,NA,NA,NA,NA,NA,NA,NA,NA,NA,NA
"849",8854,43.21,128.26,68.82,61.33,147.13,114.78,80.45,177.79,149.95,-0.589,1.378,0.769,0.262,1.232,1.146,0.638,1.346,1.552
"850",8861,NA,NA,NA,NA,NA,NA,NA,NA,NA,NA,NA,NA,NA,NA,NA,NA,NA,NA
"851",8862,53.02,141.7,107.72,74.38,166.92,141.9,78.24,183.97,154.55,-0.197,1.462,1.481,0.939,1.534,1.69,0.539,1.437,1.653
"852",8863,30.58,148.13,103.11,51.1,169.32,131.71,66.54,195.53,130.74,-1.248,1.606,1.374,-0.277,1.571,1.454,0.057,1.669,1.203
"853",8866,50.61,126.7,89.49,61.68,148.41,111.16,79.1,172.46,121.89,-0.297,1.362,1.186,0.279,1.26,1.242,0.577,1.275,1.061
"854",8867,48.37,125.69,103.98,70.77,147.48,127.38,81.02,162.86,148.72,-0.383,1.336,1.397,0.73,1.247,1.407,0.663,1.161,1.527
"855",8868,44.76,106.3,106.25,NA,NA,NA,NA,NA,NA,-0.513,1.111,1.452,NA,NA,NA,NA,NA,NA
"856",8872,31.05,97.94,68.74,NA,NA,NA,NA,NA,NA,-1.167,0.929,0.767,NA,NA,NA,NA,NA,NA
"857",8874,NA,NA,NA,NA,NA,NA,NA,NA,NA,NA,NA,NA,NA,NA,NA,NA,NA,NA
"858",8890,47.95,147.06,124.15,67.97,156.4,141.63,90.02,188.84,150.55,-0.397,1.479,1.772,0.511,1.381,1.699,1.117,1.521,1.565
"859",8893,48.48,107.06,112.24,68.31,146.29,132.63,NA,NA,NA,-0.377,1.092,1.528,0.558,1.169,1.549,NA,NA,NA
"860",8904,NA,NA,NA,NA,NA,NA,NA,NA,NA,NA,NA,NA,NA,NA,NA,NA,NA,NA
"861",8925,61.66,163.27,114.67,72.72,171.61,151.63,89.53,185,161.23,0.127,1.771,1.583,0.796,1.556,1.871,1.09,1.454,1.83
"862",8931,51.99,146.68,116,55.26,164.91,130.15,81.35,197.57,151.93,-0.23,1.461,1.591,-0.072,1.457,1.478,0.679,1.726,1.594
"863",8938,44.63,128.17,96.26,NA,NA,NA,NA,NA,NA,-0.532,1.362,1.27,NA,NA,NA,NA,NA,NA
"864",8951,42.34,126.26,120.9,70.18,128.06,144.58,97.45,180.69,163.66,-0.627,1.374,1.704,0.662,1.058,1.788,1.601,1.387,1.912
"865",8975,51.65,163.69,131.53,70.58,165.69,151.12,90.45,198.81,143.25,-0.253,1.714,1.889,0.676,1.429,1.934,1.142,1.765,1.421
"866",8981,36.39,124.95,79.82,NA,NA,NA,NA,NA,NA,-0.893,1.255,1.003,NA,NA,NA,NA,NA,NA
"867",9003,51.96,149.38,122.04,76.24,181.98,140.25,87.39,195.24,155.22,-0.234,1.525,1.749,1.037,1.784,1.657,0.975,1.661,1.669
"868",9029,42.87,126.24,97.51,60.64,165.59,136.44,80.17,184.94,148.58,-0.609,1.265,1.296,0.179,1.436,1.557,0.625,1.452,1.524
"869",9042,72.71,153.59,136.32,73.88,148.13,151.5,89.03,167.81,162.79,0.606,1.672,1.996,0.864,1.263,1.974,1.063,1.218,1.881
"870",9055,30.92,105.14,59.11,35.24,128.3,100.01,79.14,123.77,102.76,-1.182,1,0.525,-1.161,1.044,0.863,0.579,0.779,0.783
"871",9072,32.64,107,86.28,NA,NA,NA,67.85,135.4,126.76,-1.079,1.083,1.09,NA,NA,NA,0.108,0.887,1.138
"872",9074,51.75,144.42,119.86,60.48,180.54,148.57,87.99,192.94,140.39,-0.242,1.427,1.674,0.192,1.685,1.879,1.007,1.605,1.369
"873",9084,24.58,90.11,80.73,NA,NA,NA,NA,NA,NA,-1.596,0.83,1.012,NA,NA,NA,NA,NA,NA
"874",9091,39.78,135.1,87.62,47.17,147.12,110.27,75.98,185.18,137.38,-0.751,1.379,1.104,-0.469,1.221,1.198,0.441,1.456,1.315
"875",9094,NA,NA,NA,NA,NA,NA,NA,NA,NA,NA,NA,NA,NA,NA,NA,NA,NA,NA
"876",9097,47.94,148.11,116.53,NA,NA,NA,NA,NA,NA,-0.393,1.571,1.587,NA,NA,NA,NA,NA,NA
"877",9121,31.77,105.91,80.06,NA,NA,NA,NA,NA,NA,-1.124,1.051,1.006,NA,NA,NA,NA,NA,NA
"878",9127,NA,NA,NA,NA,NA,NA,NA,NA,NA,NA,NA,NA,NA,NA,NA,NA,NA,NA
"879",9142,NA,NA,NA,NA,NA,NA,NA,NA,NA,NA,NA,NA,NA,NA,NA,NA,NA,NA
"880",9155,54.94,164.06,116.07,72.23,165.21,104.14,NA,NA,NA,-0.109,1.783,1.587,0.798,1.46,1.072,NA,NA,NA
"881",9169,53.54,170.23,131.44,78.01,169.7,135.45,91.9,200.89,165.95,-0.132,1.885,1.929,1.129,1.603,1.516,1.227,1.839,2.006
"882",9174,57.72,122.47,105.51,75.19,148.97,141.82,101.83,184.34,155.08,-0.02,1.208,1.454,1.015,1.284,1.688,1.993,1.443,1.666
"883",9195,NA,NA,NA,NA,NA,NA,NA,NA,NA,NA,NA,NA,NA,NA,NA,NA,NA,NA
"884",9263,50.47,147.8,122.03,58.5,168.58,134.91,101.76,179.84,147.9,-0.292,1.567,1.709,0.061,1.56,1.608,1.985,1.374,1.511
"885",9290,81.93,195.13,135.38,NA,NA,NA,NA,NA,NA,1.016,2.397,1.986,NA,NA,NA,NA,NA,NA
"886",9296,59.37,150.48,146.72,NA,NA,NA,NA,NA,NA,0.045,1.62,2.242,NA,NA,NA,NA,NA,NA
"887",9300,NA,NA,NA,95.6,191.26,157.79,100.95,206.38,170.04,NA,NA,NA,2.449,1.869,2.095,1.903,2.135,2.264
"888",9302,NA,NA,NA,73.99,184.1,151.98,NA,NA,NA,NA,NA,NA,0.877,1.767,1.981,NA,NA,NA
"889",9307,35.18,68.1,57.44,44.92,102.36,66.53,41.16,93.73,72.22,-0.953,0.368,0.477,-0.629,0.707,0.434,-0.95,0.466,0.343
"890",9337,30.07,59.77,64.67,40.99,75.91,85.36,53.82,107.94,84.99,-1.22,0.145,0.67,-0.836,0.343,0.716,-0.432,0.624,0.54
"891",9352,NA,NA,NA,NA,NA,NA,NA,NA,NA,NA,NA,NA,NA,NA,NA,NA,NA,NA
"892",9369,NA,NA,NA,NA,NA,NA,NA,NA,NA,NA,NA,NA,NA,NA,NA,NA,NA,NA
"893",9380,58.88,167.17,98.47,61.97,129.64,100.21,77.26,179.47,128.14,0.053,1.867,1.308,0.279,1.082,0.986,0.496,1.369,1.16
"894",9387,63.51,146.33,113.26,NA,NA,NA,NA,NA,NA,0.227,1.516,1.548,NA,NA,NA,NA,NA,NA
"895",9396,NA,NA,NA,NA,NA,NA,NA,NA,NA,NA,NA,NA,NA,NA,NA,NA,NA,NA
"896",9404,60.45,142.24,108.45,63.6,182.25,121.34,92.28,175.91,137.21,0.105,1.435,1.478,0.335,1.797,1.334,1.25,1.32,1.312
"897",9413,NA,NA,NA,NA,NA,NA,NA,NA,NA,NA,NA,NA,NA,NA,NA,NA,NA,NA
"898",9417,NA,NA,NA,NA,NA,NA,NA,NA,NA,NA,NA,NA,NA,NA,NA,NA,NA,NA
"899",9432,NA,NA,NA,NA,NA,NA,NA,NA,NA,NA,NA,NA,NA,NA,NA,NA,NA,NA
"900",9437,NA,NA,NA,NA,NA,NA,NA,NA,NA,NA,NA,NA,NA,NA,NA,NA,NA,NA
"901",9446,49.84,153.51,103.87,72.41,158.5,118.87,88.98,187.3,134.02,-0.333,1.684,1.397,0.809,1.425,1.386,1.06,1.493,1.258
"902",9455,62.97,126.29,139.16,76.94,165.75,143.49,NA,NA,NA,0.194,1.253,2.036,1.066,1.479,1.758,NA,NA,NA
"903",9458,48.09,127.01,92.97,66.34,168.26,122.58,100.3,187.28,158.67,-0.4,1.26,1.242,0.471,1.564,1.353,1.841,1.492,1.756
"904",9459,66.07,164.8,116.36,78.45,158.36,131.32,86.52,171.92,142.01,0.339,1.781,1.616,1.137,1.393,1.444,0.93,1.268,1.398
"905",9460,45.6,146.62,89.06,NA,NA,NA,NA,NA,NA,-0.49,1.473,1.155,NA,NA,NA,NA,NA,NA
"906",9463,NA,NA,NA,NA,NA,NA,NA,NA,NA,NA,NA,NA,NA,NA,NA,NA,NA,NA
"907",9470,41.99,137.4,134.31,58.39,124.89,121.75,78.98,192.39,143.6,-0.621,1.425,1.971,0.118,0.988,1.324,0.571,1.593,1.428
"908",9493,37.38,127.84,109.66,NA,NA,NA,NA,NA,NA,-0.85,1.392,1.511,NA,NA,NA,NA,NA,NA
"909",9507,50.91,140.52,103.34,56.6,150.95,118.52,NA,NA,NA,-0.257,1.417,1.38,-0.019,1.273,1.252,NA,NA,NA
"910",9512,NA,NA,NA,NA,NA,NA,NA,NA,NA,NA,NA,NA,NA,NA,NA,NA,NA,NA
"911",9513,NA,NA,NA,NA,NA,NA,NA,NA,NA,NA,NA,NA,NA,NA,NA,NA,NA,NA
"912",9526,NA,NA,NA,NA,NA,NA,NA,NA,NA,NA,NA,NA,NA,NA,NA,NA,NA,NA
"913",9542,NA,NA,NA,NA,NA,NA,NA,NA,NA,NA,NA,NA,NA,NA,NA,NA,NA,NA
"914",9543,50.09,60.42,52.85,NA,NA,NA,NA,NA,NA,-0.315,0.156,0.334,NA,NA,NA,NA,NA,NA
"915",9545,NA,NA,NA,NA,NA,NA,NA,NA,NA,NA,NA,NA,NA,NA,NA,NA,NA,NA
"916",9551,NA,NA,NA,NA,NA,NA,NA,NA,NA,NA,NA,NA,NA,NA,NA,NA,NA,NA
"917",9554,NA,NA,NA,NA,NA,NA,NA,NA,NA,NA,NA,NA,NA,NA,NA,NA,NA,NA
"918",9594,NA,NA,NA,NA,NA,NA,NA,NA,NA,NA,NA,NA,NA,NA,NA,NA,NA,NA
"919",9599,NA,NA,NA,NA,NA,NA,NA,NA,NA,NA,NA,NA,NA,NA,NA,NA,NA,NA
"920",9611,NA,NA,NA,NA,NA,NA,NA,NA,NA,NA,NA,NA,NA,NA,NA,NA,NA,NA
"921",9616,57.29,119.82,114.37,65.54,132.59,132.16,93.76,166.5,145.71,0.004,1.19,1.564,0.448,1.095,1.479,1.342,1.203,1.468
"922",9618,67.29,133.19,137.21,77.84,177.64,157.41,100.36,200.05,165.44,0.387,1.396,2.04,1.158,1.638,2.095,1.847,1.807,1.984
"923",9619,NA,NA,NA,NA,NA,NA,NA,NA,NA,NA,NA,NA,NA,NA,NA,NA,NA,NA
"924",9623,41.93,126.85,120.86,57.85,134.99,116.81,NA,NA,NA,-0.649,1.383,1.73,0.039,1.085,1.193,NA,NA,NA
"925",9625,59.28,149.13,112.91,NA,NA,NA,96.92,187.97,151.75,0.043,1.634,1.563,NA,NA,NA,1.561,1.505,1.59
"926",9648,NA,NA,NA,NA,NA,NA,NA,NA,NA,NA,NA,NA,NA,NA,NA,NA,NA,NA
"927",9650,65.85,166.8,137.11,81.82,189.99,154.91,102.84,207.09,169.59,0.271,1.768,2.029,1.348,1.935,2.096,2.105,2.195,2.226
"928",9664,NA,NA,NA,NA,NA,NA,NA,NA,NA,NA,NA,NA,NA,NA,NA,NA,NA,NA
"929",9693,NA,NA,NA,NA,NA,NA,NA,NA,NA,NA,NA,NA,NA,NA,NA,NA,NA,NA
"930",9696,78.83,166.65,133.5,92.92,184.01,161.72,106.26,201.45,170.49,0.857,1.793,1.875,2.167,1.882,2.274,2.611,1.861,2.308
"931",9697,50.12,126.37,89.62,NA,NA,NA,NA,NA,NA,-0.327,1.357,1.168,NA,NA,NA,NA,NA,NA
"932",9700,NA,NA,NA,NA,NA,NA,NA,NA,NA,NA,NA,NA,NA,NA,NA,NA,NA,NA
"933",9729,26.96,104.62,48.72,NA,NA,NA,NA,NA,NA,-1.417,0.996,0.189,NA,NA,NA,NA,NA,NA
"934",9737,NA,NA,NA,NA,NA,NA,89.45,100.3,134.45,NA,NA,NA,NA,NA,NA,1.086,0.543,1.265
"935",9746,38.17,109.31,112.26,NA,NA,NA,NA,NA,NA,-0.813,1.129,1.538,NA,NA,NA,NA,NA,NA
"936",9753,NA,NA,NA,NA,NA,NA,NA,NA,NA,NA,NA,NA,NA,NA,NA,NA,NA,NA
"937",9754,73.75,168.03,126.54,82.75,180.43,159.68,99.06,194.78,166.81,0.592,1.856,1.776,1.504,1.69,2.172,1.731,1.649,2.048
"938",9772,NA,NA,NA,NA,NA,NA,NA,NA,NA,NA,NA,NA,NA,NA,NA,NA,NA,NA
"939",9775,71.38,164.67,119.74,82.29,178.65,151.21,101.4,185.26,157.46,0.503,1.738,1.657,1.474,1.711,1.943,1.948,1.458,1.724
"940",9791,52.23,124.27,105.24,53.68,134,127.93,72.63,153.53,141.1,-0.217,1.211,1.45,-0.138,1.107,1.427,0.301,1.062,1.382
"941",9794,47.58,145.47,115.57,NA,NA,NA,NA,NA,NA,-0.392,1.559,1.596,NA,NA,NA,NA,NA,NA
"942",9795,61.05,107.52,101.15,62.04,149.18,139.62,93.98,161.96,148.01,0.107,1.11,1.329,0.287,1.294,1.619,1.356,1.151,1.513
"943",9818,72.65,143.01,106.97,NA,NA,NA,NA,NA,NA,0.622,1.418,1.451,NA,NA,NA,NA,NA,NA
"944",9826,72.13,169.74,118.14,71.92,187.54,147.49,90.33,201.08,160.31,0.566,1.86,1.646,0.776,1.886,1.805,1.135,1.846,1.802
"945",9838,NA,NA,NA,NA,NA,NA,NA,NA,NA,NA,NA,NA,NA,NA,NA,NA,NA,NA
"946",9846,NA,NA,NA,NA,NA,NA,NA,NA,NA,NA,NA,NA,NA,NA,NA,NA,NA,NA
"947",9872,35.37,105.03,85.51,59.5,136.81,131.63,94.91,178.83,163.76,-0.927,1.005,1.076,0.146,1.12,1.526,1.418,1.36,1.916
"948",9880,NA,NA,NA,NA,NA,NA,NA,NA,NA,NA,NA,NA,NA,NA,NA,NA,NA,NA
"949",9888,70.68,146.95,131.38,NA,NA,NA,NA,NA,NA,0.512,1.594,1.9,NA,NA,NA,NA,NA,NA
"950",9906,63.94,165.64,139.52,73.3,165.49,153.73,91.93,194.36,158.01,0.263,1.762,2.078,0.887,1.434,1.968,1.229,1.639,1.739
"951",9909,66.04,150.19,135.93,NA,NA,NA,NA,NA,NA,0.292,1.605,1.992,NA,NA,NA,NA,NA,NA
"952",9910,62.87,148.26,127.54,64.57,172.35,145.82,92.75,185.27,160.95,0.173,1.462,1.824,0.362,1.594,1.807,1.278,1.458,1.822
"953",9911,63.42,143.41,116.53,NA,NA,NA,NA,NA,NA,0.21,1.494,1.589,NA,NA,NA,NA,NA,NA
"954",9920,48.35,137.31,104.69,63.92,143.5,130.17,81.82,182.95,163.6,-0.399,1.419,1.413,0.38,1.16,1.456,0.701,1.421,1.91
"955",9922,27.53,93.11,52.19,50.21,115.07,91.94,64.46,130.55,128.63,-1.425,0.886,0.313,-0.342,0.864,0.864,-0.023,0.842,1.168
"956",9923,47.78,124.09,112.56,69.51,165.5,149.77,83.39,179.22,160.23,-0.399,1.266,1.558,0.659,1.466,1.788,0.775,1.366,1.8
"957",9925,63.14,144.15,116.24,61.49,152.5,143.19,NA,NA,NA,0.19,1.49,1.604,0.258,1.343,1.762,NA,NA,NA
"958",9936,43.18,122.47,90.62,NA,NA,NA,NA,NA,NA,-0.577,1.199,1.202,NA,NA,NA,NA,NA,NA
"959",9945,NA,NA,NA,NA,NA,NA,NA,NA,NA,NA,NA,NA,NA,NA,NA,NA,NA,NA
"960",9954,NA,NA,NA,NA,NA,NA,NA,NA,NA,NA,NA,NA,NA,NA,NA,NA,NA,NA
"961",9984,43.5,135.3,144.64,NA,NA,NA,NA,NA,NA,-0.602,1.397,2.191,NA,NA,NA,NA,NA,NA
"962",9990,76.07,103.98,128.05,85.23,166.86,160.59,94.68,185.59,160.54,0.671,1.01,1.841,1.593,1.466,2.059,1.403,1.463,1.809
"963",9992,70.22,170.86,127.29,85.43,178.22,132.72,94.89,199.43,155.05,0.516,1.902,1.832,1.605,1.633,1.552,1.417,1.785,1.665
"964",10010,NA,NA,NA,NA,NA,NA,NA,NA,NA,NA,NA,NA,NA,NA,NA,NA,NA,NA
"965",10012,23.73,93.48,71.97,NA,NA,NA,NA,NA,NA,-1.675,0.884,0.822,NA,NA,NA,NA,NA,NA
"966",10020,NA,NA,NA,NA,NA,NA,NA,NA,NA,NA,NA,NA,NA,NA,NA,NA,NA,NA
"967",10022,23.35,77.43,74.49,45.08,117.45,95.22,NA,NA,NA,-1.697,0.568,0.886,-0.609,0.876,0.907,NA,NA,NA
"968",10076,55.69,126.98,108.94,80.06,149.17,141.61,95.33,201.02,160.95,-0.091,1.362,1.499,1.26,1.303,1.686,1.447,1.844,1.822
"969",10077,NA,NA,NA,NA,NA,NA,NA,NA,NA,NA,NA,NA,NA,NA,NA,NA,NA,NA
"970",10081,NA,NA,NA,NA,NA,NA,NA,NA,NA,NA,NA,NA,NA,NA,NA,NA,NA,NA
"971",10089,63.9,125.88,107.52,70.05,164.32,141.91,85.33,179.7,150.25,0.22,1.312,1.478,0.68,1.415,1.671,0.87,1.372,1.559
"972",10094,52.93,127.22,88.91,68.8,147.88,113.95,89.14,182.01,141.3,-0.173,1.372,1.153,0.614,1.262,1.153,1.069,1.406,1.385
"973",10103,44.78,113.1,73.68,NA,NA,NA,NA,NA,NA,-0.533,1.15,0.852,NA,NA,NA,NA,NA,NA
"974",10105,29.78,90.1,65.94,NA,NA,NA,NA,NA,NA,-1.236,0.836,0.713,NA,NA,NA,NA,NA,NA
"975",10118,48.39,125.7,105.05,NA,NA,NA,NA,NA,NA,-0.35,1.263,1.453,NA,NA,NA,NA,NA,NA
"976",10120,NA,NA,NA,NA,NA,NA,NA,NA,NA,NA,NA,NA,NA,NA,NA,NA,NA,NA
"977",10129,52.24,126.16,103.78,55.76,142.29,133.81,84.79,175.82,138,-0.208,1.261,1.391,-0.046,1.171,1.51,0.843,1.319,1.326
"978",10130,NA,NA,NA,NA,NA,NA,NA,NA,NA,NA,NA,NA,NA,NA,NA,NA,NA,NA
"979",10148,47.31,125.95,76.98,NA,NA,NA,NA,NA,NA,-0.425,1.24,0.958,NA,NA,NA,NA,NA,NA
"980",10156,NA,NA,NA,NA,NA,NA,NA,NA,NA,NA,NA,NA,NA,NA,NA,NA,NA,NA
"981",10164,NA,NA,NA,NA,NA,NA,NA,NA,NA,NA,NA,NA,NA,NA,NA,NA,NA,NA
"982",10167,NA,NA,NA,NA,NA,NA,NA,NA,NA,NA,NA,NA,NA,NA,NA,NA,NA,NA
"983",10186,NA,NA,NA,NA,NA,NA,NA,NA,NA,NA,NA,NA,NA,NA,NA,NA,NA,NA
"984",10189,44.24,142.26,104.32,64.53,147.05,123.97,NA,NA,NA,-0.529,1.445,1.411,0.412,1.222,1.378,NA,NA,NA
"985",10204,51.28,164.05,96.37,NA,NA,NA,NA,NA,NA,-0.301,1.776,1.287,NA,NA,NA,NA,NA,NA
"986",10234,56.78,128.06,112.67,78.19,176.48,150.37,98.09,201.94,160.22,-0.004,1.335,1.553,1.117,1.651,1.87,1.651,1.882,1.8
"987",10246,44.77,149.63,103.52,69.39,149.45,153.47,NA,NA,NA,-0.503,1.533,1.398,0.672,1.297,1.955,NA,NA,NA
"988",10270,37.28,126.03,103.14,56.15,126.55,134.47,NA,NA,NA,-0.86,1.279,1.372,-0.026,0.99,1.514,NA,NA,NA
"989",10279,86.5,174.81,146,NA,NA,NA,NA,NA,NA,1.266,1.964,2.233,NA,NA,NA,NA,NA,NA
"990",10302,NA,NA,NA,NA,NA,NA,NA,NA,NA,NA,NA,NA,NA,NA,NA,NA,NA,NA
"991",10303,NA,NA,NA,70.73,169.7,138.97,88.99,202.4,158.7,NA,NA,NA,0.732,1.593,1.669,1.06,1.902,1.757
"992",10321,NA,NA,NA,NA,NA,NA,NA,NA,NA,NA,NA,NA,NA,NA,NA,NA,NA,NA
"993",10326,NA,NA,NA,NA,NA,NA,NA,NA,NA,NA,NA,NA,NA,NA,NA,NA,NA,NA
"994",10333,NA,NA,NA,NA,NA,NA,NA,NA,NA,NA,NA,NA,NA,NA,NA,NA,NA,NA
"995",10399,54.14,156.38,138.52,84.56,182.3,142.52,94.57,197.51,168.61,-0.167,1.604,2.047,1.527,1.79,1.726,1.396,1.724,2.153
"996",10411,36.74,82.03,92.74,51.44,89.6,116.66,NA,NA,NA,-0.949,0.693,1.228,-0.264,0.573,1.193,NA,NA,NA
"997",10425,NA,NA,NA,NA,NA,NA,NA,NA,NA,NA,NA,NA,NA,NA,NA,NA,NA,NA
"998",10433,NA,NA,NA,NA,NA,NA,NA,NA,NA,NA,NA,NA,NA,NA,NA,NA,NA,NA
"999",10444,54.83,155,113.07,78.04,169.89,140.96,93.32,182.24,159.81,-0.133,1.632,1.565,1.164,1.607,1.661,1.314,1.41,1.788
"1000",10456,53.31,145.53,133,NA,NA,NA,NA,NA,NA,-0.18,1.409,1.934,NA,NA,NA,NA,NA,NA
"1001",10467,79.11,165.53,129.82,NA,NA,NA,NA,NA,NA,0.915,1.783,1.831,NA,NA,NA,NA,NA,NA
"1002",10482,NA,NA,NA,NA,NA,NA,NA,NA,NA,NA,NA,NA,NA,NA,NA,NA,NA,NA
"1003",10484,73.95,164.09,136.87,86.12,181.57,154.52,102.72,200.85,146.1,0.695,1.739,2.009,1.668,1.778,2.005,2.091,1.837,1.475
"1004",10487,68.08,155.83,131.9,87.14,195.3,161.1,NA,NA,NA,0.403,1.701,1.889,1.733,2.058,2.263,NA,NA,NA
"1005",10509,NA,NA,NA,NA,NA,NA,NA,NA,NA,NA,NA,NA,NA,NA,NA,NA,NA,NA
"1006",10510,44.08,106.38,68.74,65.45,144.58,94.85,86.59,179.25,123.47,-0.555,1.083,0.77,0.431,1.208,0.912,0.933,1.366,1.085
"1007",10512,49.85,106.08,77.46,NA,NA,NA,NA,NA,NA,-0.308,1.065,0.975,NA,NA,NA,NA,NA,NA
"1008",10519,64.53,129.74,111.55,70.06,150.09,130.27,82.15,163.96,144.99,0.282,1.414,1.553,0.659,1.252,1.479,0.716,1.174,1.454
"1009",10521,NA,NA,NA,NA,NA,NA,NA,NA,NA,NA,NA,NA,NA,NA,NA,NA,NA,NA
"1010",10524,55.66,143.75,78.64,73.64,146.79,118.52,91.78,180.15,138.94,-0.066,1.519,0.984,0.871,1.252,1.245,1.22,1.379,1.343
"1011",10528,35.65,90.94,88.49,59.97,138.66,113.79,69.58,157.5,136.77,-0.936,0.852,1.125,0.122,1.163,1.136,0.177,1.103,1.305
"1012",10546,70.02,168.23,132.25,87.39,192.62,160.35,104.97,207.55,167.7,0.465,1.81,1.899,1.68,1.92,2.215,2.389,2.239,2.096
"1013",10560,47.64,88.82,73.31,73.69,165.28,121.5,NA,NA,NA,-0.386,0.798,0.848,0.878,1.421,1.325,NA,NA,NA
"1014",10561,32.87,105.67,81.9,64.56,148.4,91.66,83.47,156.12,139.1,-1.067,1.046,1.029,0.379,1.227,0.853,0.779,1.089,1.346
"1015",10581,50.41,158.88,113.91,70.37,169.93,126.68,NA,NA,NA,-0.306,1.682,1.568,0.629,1.575,1.412,NA,NA,NA
"1016",10604,NA,NA,NA,NA,NA,NA,NA,NA,NA,NA,NA,NA,NA,NA,NA,NA,NA,NA
"1017",10606,58.76,148.39,128.26,89.7,191.55,155.34,100.24,193.89,161.71,0.051,1.616,1.798,1.922,1.885,2.032,1.835,1.628,1.845
"1018",10624,56.81,165.32,102.64,NA,NA,NA,NA,NA,NA,-0.032,1.788,1.375,NA,NA,NA,NA,NA,NA
"1019",10633,63.5,148.28,116.8,67.58,161.4,119.65,93.46,184.32,160.88,0.234,1.566,1.615,0.603,1.375,1.283,1.323,1.442,1.819
"1020",10639,43.53,107.38,97.71,64.57,145.89,115.94,75.22,157.23,149.51,-0.558,1.102,1.314,0.375,1.193,1.182,0.408,1.1,1.543
"1021",10667,64.96,125.83,78.78,75.18,166.34,108.38,91.39,164.93,136.5,0.278,1.241,0.984,0.959,1.452,1.071,1.196,1.185,1.3
"1022",10668,NA,NA,NA,NA,NA,NA,NA,NA,NA,NA,NA,NA,NA,NA,NA,NA,NA,NA
"1023",10669,68.69,166.51,110.74,NA,NA,NA,89.41,195.69,145.32,0.393,1.835,1.56,NA,NA,NA,1.084,1.673,1.46
"1024",10672,78.64,133.33,129.01,95.53,192.56,158.24,105.18,205.9,158.83,0.825,1.406,1.852,2.288,1.933,2.097,2.422,2.1,1.761
"1025",10674,NA,NA,NA,NA,NA,NA,NA,NA,NA,NA,NA,NA,NA,NA,NA,NA,NA,NA
"1026",10676,61.04,143.66,114.56,73.99,178.33,142.84,101.1,187.91,161.32,0.101,1.424,1.552,0.942,1.649,1.822,1.918,1.504,1.833
"1027",10693,64.64,118.14,132.81,90.83,175.36,153.19,NA,NA,NA,0.296,1.211,1.961,1.93,1.607,1.963,NA,NA,NA
"1028",10698,56.21,126.96,100.14,62.68,126.61,116.73,79.21,162.8,148.8,-0.053,1.345,1.322,0.332,1.037,1.193,0.582,1.161,1.529
"1029",10701,39.15,91.31,82.4,62.83,164.02,115.63,73.55,191.68,139.45,-0.761,0.837,1.026,0.302,1.438,1.178,0.339,1.578,1.352
"1030",10703,61.94,164.05,117.1,83.64,182.06,136.21,96.08,200,158.71,0.188,1.788,1.608,1.434,1.755,1.562,1.5,1.806,1.757
"1031",10706,38.71,116.32,61.55,NA,NA,NA,NA,NA,NA,-0.793,1.184,0.589,NA,NA,NA,NA,NA,NA
"1032",10711,58.58,110.35,89.37,59.74,134.55,120.08,NA,NA,NA,0.006,1.134,1.168,0.138,1.117,1.293,NA,NA,NA
"1033",10723,40.86,125.67,83.9,53.3,123.81,102.47,NA,NA,NA,-0.697,1.281,1.043,-0.218,0.956,1.026,NA,NA,NA
"1034",10742,58.59,132.52,117.23,89.44,166.61,146.12,NA,NA,NA,0.056,1.391,1.621,1.859,1.509,1.833,NA,NA,NA
"1035",10744,NA,NA,NA,NA,NA,NA,NA,NA,NA,NA,NA,NA,NA,NA,NA,NA,NA,NA
"1036",10786,30.49,98.87,103.23,52.23,162.62,112.6,NA,NA,NA,-1.21,0.937,1.394,-0.209,1.418,1.24,NA,NA,NA
"1037",10788,55.58,104.82,78.77,72.08,139.66,103.95,93.45,168.77,117.57,-0.089,1.011,1,0.812,1.132,0.958,1.323,1.23,0.995
"1038",10799,50.85,126.45,131.94,65.24,164.96,134.85,NA,NA,NA,-0.283,1.275,1.911,0.372,1.416,1.55,NA,NA,NA
"1039",10804,51.71,96.2,84.69,64.7,125.68,104.62,NA,NA,NA,-0.247,0.875,1.039,0.4,0.969,0.984,NA,NA,NA
"1040",10820,82.08,167.13,146.49,91.74,182.01,161.2,105.73,201.94,169.28,1.038,1.854,2.236,2.058,1.779,2.281,2.513,1.882,2.201
"1041",10821,89.74,169.53,129.72,85.19,187.42,141.76,106.84,202.35,159.89,1.36,1.784,1.86,1.517,1.887,1.697,2.73,1.9,1.79
"1042",10826,87.8,153.56,113.11,78.37,165.82,115.32,100.84,187.35,142.78,1.3,1.617,1.557,1.194,1.483,1.187,1.892,1.494,1.412
"1043",10847,NA,NA,NA,NA,NA,NA,NA,NA,NA,NA,NA,NA,NA,NA,NA,NA,NA,NA
"1044",10850,NA,NA,NA,NA,NA,NA,NA,NA,NA,NA,NA,NA,NA,NA,NA,NA,NA,NA
"1045",10855,NA,NA,NA,NA,NA,NA,NA,NA,NA,NA,NA,NA,NA,NA,NA,NA,NA,NA
"1046",10869,58.79,163.71,131.28,84.94,181.35,150.75,95.3,188.49,162.03,0.057,1.808,1.899,1.551,1.701,1.836,1.444,1.514,1.856
"1047",10884,NA,NA,NA,NA,NA,NA,NA,NA,NA,NA,NA,NA,NA,NA,NA,NA,NA,NA
"1048",10890,NA,NA,NA,NA,NA,NA,94.97,154.63,115.03,NA,NA,NA,NA,NA,NA,1.422,1.073,0.957
"1049",10893,60.39,152.6,105.32,66.39,179.46,136.67,98.4,182.95,140.01,0.092,1.651,1.426,0.477,1.664,1.556,1.676,1.421,1.362
"1050",10897,39.14,91.74,72.03,50.16,123.86,85.9,71.15,163.52,104.53,-0.772,0.853,0.822,-0.332,0.954,0.733,0.24,1.169,0.807
"1051",10902,44.37,90.63,71.69,42.27,107.92,94.09,57.5,133.79,90.2,-0.524,0.831,0.815,-0.76,0.813,0.899,-0.29,0.872,0.613
"1052",10910,44.77,99.18,91.72,NA,NA,NA,NA,NA,NA,-0.548,0.942,1.23,NA,NA,NA,NA,NA,NA
"1053",10911,23.98,82.98,54.87,43.66,136.62,68.35,63.9,138.76,103.75,-1.616,0.713,0.403,-0.66,1.093,0.478,-0.045,0.919,0.797
"1054",10917,NA,NA,NA,NA,NA,NA,NA,NA,NA,NA,NA,NA,NA,NA,NA,NA,NA,NA
"1055",10931,63.9,129.02,94,78.17,153.35,134.84,95.7,202.24,154.89,0.231,1.372,1.244,1.163,1.351,1.6,1.473,1.895,1.661
"1056",10933,NA,NA,NA,NA,NA,NA,NA,NA,NA,NA,NA,NA,NA,NA,NA,NA,NA,NA
"1057",10934,NA,NA,NA,NA,NA,NA,NA,NA,NA,NA,NA,NA,NA,NA,NA,NA,NA,NA
"1058",10952,58.98,106.53,87.65,NA,NA,NA,NA,NA,NA,0.056,1.094,1.105,NA,NA,NA,NA,NA,NA
"1059",10980,32.1,67.04,48.71,64.88,85.06,82.33,80.97,NA,88.2,-1.101,0.349,0.195,0.416,0.448,0.67,0.661,NA,0.585
"1060",10982,34.45,102.25,95.39,63.47,110.56,122.47,77.35,155.12,133.42,-0.962,0.991,1.282,0.344,0.83,1.354,0.5,1.078,1.247
"1061",10990,NA,NA,NA,NA,NA,NA,NA,NA,NA,NA,NA,NA,NA,NA,NA,NA,NA,NA
"1062",10992,NA,NA,NA,NA,NA,NA,NA,NA,NA,NA,NA,NA,NA,NA,NA,NA,NA,NA
"1063",10995,64.65,134.04,110.86,78.92,145.7,134.91,89.2,194.45,131.9,0.245,1.419,1.527,1.223,1.208,1.524,1.072,1.641,1.222
"1064",11002,39.62,96.28,73.62,50.9,137.74,85.23,71.14,169.31,105.13,-0.725,0.894,0.852,-0.273,1.161,0.705,0.24,1.236,0.816
"1065",11009,NA,NA,NA,NA,NA,NA,72.87,153.21,141.76,NA,NA,NA,NA,NA,NA,0.31,1.059,1.394
"1066",11012,21.23,89.64,87.12,33.34,119.02,86.31,34.12,107.54,110.53,-1.909,0.823,1.089,-1.31,0.883,0.815,-1.285,0.62,0.892
"1067",11013,29.25,109.34,78.41,NA,NA,NA,NA,NA,NA,-1.262,1.17,0.988,NA,NA,NA,NA,NA,NA
"1068",11025,27.89,88.09,61.8,27.65,103.71,79.48,37.76,119.09,104.29,-1.369,0.782,0.594,-1.731,0.698,0.621,-1.105,0.735,0.804
"1069",11028,37.59,109.48,90.76,51.77,111.28,108.07,65.33,116.25,121.15,-0.855,1.117,1.194,-0.26,0.831,1.058,0.01,0.707,1.049
"1070",11041,28.82,124.48,70.04,41.41,148,102.96,67.1,152.83,111.81,-1.303,1.218,0.777,-0.811,1.272,0.931,0.079,1.055,0.91
"1071",11044,31.21,89.72,61.75,40.38,125.39,99.58,62.47,161.71,127.92,-1.171,0.827,0.595,-0.865,0.988,0.966,-0.1,1.149,1.156
"1072",11046,29.78,103.61,83.15,45.98,126.38,120.71,39.16,127.58,113.28,-1.242,0.972,1.036,-0.528,1.017,1.23,-1.04,0.815,0.931
"1073",11053,29.32,104.82,57.14,39.32,143.02,89.45,57.24,146.6,111.06,-1.267,1.029,0.472,-0.908,1.155,0.804,-0.3,0.994,0.899
"1074",11073,50.89,147.62,90.12,61.71,161.02,106.96,81.19,176.84,126.46,-0.276,1.602,1.187,0.232,1.374,1.04,0.671,1.333,1.133
"1075",11074,29.66,105.34,62.4,51.81,137.86,84.95,76.35,165.48,121.25,-1.226,1.081,0.61,-0.234,1.066,0.789,0.456,1.191,1.051
"1076",11077,40.85,125.67,106.48,70.62,161.58,135.56,83.53,175.57,133.32,-0.695,1.225,1.448,0.696,1.405,1.528,0.782,1.315,1.246
"1077",11080,44.01,136.96,112.55,69.44,150.38,128.3,90.39,173.68,153.11,-0.539,1.381,1.544,0.644,1.325,1.439,1.138,1.291,1.62
"1078",11087,60.9,148.11,125.35,86.92,180.93,140.67,90.88,156.23,152.99,0.151,1.581,1.734,1.669,1.702,1.7,1.167,1.09,1.618
"1079",11103,18.71,65.57,43.25,NA,77.97,68.28,NA,NA,NA,-2.266,0.311,-0.022,NA,0.337,0.442,NA,NA,NA
"1080",11116,NA,NA,NA,NA,NA,NA,NA,NA,NA,NA,NA,NA,NA,NA,NA,NA,NA,NA
"1081",11156,24.05,89.55,55.97,30.65,107.49,70.49,49.96,124.19,133.48,-1.627,0.834,0.436,-1.507,0.806,0.532,-0.583,0.783,1.248
"1082",11167,36.09,76.83,59.17,56.97,104.36,86.3,66.56,135.27,126.9,-0.913,0.621,0.519,0.011,0.712,0.823,0.058,0.886,1.14
"1083",11194,27.83,67.45,42.12,36.74,74.09,56.13,41.13,96.32,94.87,-1.367,0.382,-0.067,-1.067,0.3,0.166,-0.951,0.497,0.676
"1084",11216,19.21,59.06,38.84,NA,NA,NA,62.32,128.77,80.12,-2.175,0.114,-0.214,NA,NA,NA,-0.106,0.826,0.469
"1085",11217,24.52,86.11,64.66,34.74,98.53,72.09,42.05,103.44,106.4,-1.596,0.725,0.678,-1.208,0.672,0.557,-0.911,0.577,0.833
"1086",11220,20.94,NA,49.25,24.33,74.36,70.67,NA,NA,NA,-1.963,NA,0.213,-2.109,0.313,0.53,NA,NA,NA
"1087",11241,NA,NA,NA,NA,NA,NA,NA,NA,NA,NA,NA,NA,NA,NA,NA,NA,NA,NA
"1088",11243,NA,NA,NA,NA,NA,NA,NA,NA,NA,NA,NA,NA,NA,NA,NA,NA,NA,NA
"1089",11256,88.64,184.22,138.19,93.68,192.9,146.46,106.16,201.92,168.03,1.338,2.106,2.038,2.315,2.043,1.815,2.591,1.881,2.116
"1090",11262,NA,NA,NA,NA,NA,NA,NA,NA,NA,NA,NA,NA,NA,NA,NA,NA,NA,NA
"1091",11265,66.25,170.48,145.36,NA,NA,NA,NA,NA,NA,0.387,1.89,2.197,NA,NA,NA,NA,NA,NA
"1092",11279,30.89,90.66,64.56,NA,NA,NA,NA,NA,NA,-1.18,0.826,0.673,NA,NA,NA,NA,NA,NA
"1093",11301,64.57,147.64,119.18,87.29,165.51,152.7,103.16,193.56,165.73,0.27,1.501,1.652,1.69,1.469,2.006,2.142,1.62,1.996
"1094",11314,87.01,156.77,107.79,NA,NA,NA,NA,NA,NA,1.266,1.769,1.472,NA,NA,NA,NA,NA,NA
"1095",11325,NA,NA,NA,NA,NA,NA,NA,NA,NA,NA,NA,NA,NA,NA,NA,NA,NA,NA
"1096",11332,NA,NA,NA,NA,NA,NA,NA,NA,NA,NA,NA,NA,NA,NA,NA,NA,NA,NA
"1097",11339,57.68,97.71,88.95,57.78,125.56,86.67,83.32,180.44,114.67,-0.022,0.906,1.15,0.063,0.96,0.735,0.771,1.383,0.952
"1098",11343,NA,NA,NA,NA,NA,NA,NA,NA,NA,NA,NA,NA,NA,NA,NA,NA,NA,NA
"1099",11365,NA,NA,NA,NA,NA,NA,NA,NA,NA,NA,NA,NA,NA,NA,NA,NA,NA,NA
"1100",11376,31.67,90.39,76.37,59.68,128.61,93.1,NA,NA,NA,-1.108,0.778,0.939,0.11,1.019,0.876,NA,NA,NA
"1101",11390,40.97,123.99,103.7,61.71,147.92,119.53,95.2,157.26,152.24,-0.675,1.218,1.399,0.268,1.235,1.294,1.438,1.101,1.601
"1102",11411,38.85,105.82,85.4,56.1,147.13,126.93,NA,NA,NA,-0.774,1.042,1.068,-0.029,1.198,1.407,NA,NA,NA
"1103",11428,50.82,106.51,75.62,77.43,145.39,106.07,94.26,179.08,120.79,-0.281,1.023,0.906,1.065,1.196,1.02,1.375,1.364,1.044
"1104",11433,NA,NA,NA,NA,NA,NA,NA,NA,NA,NA,NA,NA,NA,NA,NA,NA,NA,NA
"1105",11443,NA,NA,NA,NA,NA,NA,NA,NA,NA,NA,NA,NA,NA,NA,NA,NA,NA,NA
"1106",11446,NA,NA,NA,NA,NA,NA,NA,NA,NA,NA,NA,NA,NA,NA,NA,NA,NA,NA
"1107",11454,NA,NA,NA,NA,NA,NA,NA,NA,NA,NA,NA,NA,NA,NA,NA,NA,NA,NA
"1108",11464,36.98,109.82,68.53,44.89,124.84,83.98,NA,NA,NA,-0.864,1.145,0.766,-0.574,0.97,0.776,NA,NA,NA
"1109",11487,NA,NA,NA,NA,NA,NA,NA,NA,NA,NA,NA,NA,NA,NA,NA,NA,NA,NA
"1110",11497,68.38,148.57,114.07,77.68,164.66,127.85,91.74,190.49,150,0.426,1.616,1.567,1.118,1.453,1.355,1.217,1.553,1.553
"1111",11509,35.87,80.47,88.66,46.34,107.14,113.61,85.7,105.22,96.78,-0.931,0.612,1.151,-0.506,0.802,1.143,0.888,0.596,0.702
"1112",11510,71.04,131.88,106.05,84.27,166.7,124.33,90.58,199.65,146.82,0.517,1.37,1.448,1.551,1.51,1.298,1.149,1.793,1.489
"1113",11514,NA,NA,NA,NA,NA,NA,NA,NA,NA,NA,NA,NA,NA,NA,NA,NA,NA,NA
"1114",11519,45.76,116.96,82.33,52.56,134.23,103.44,NA,NA,NA,-0.48,1.189,1.041,-0.191,1.088,0.952,NA,NA,NA
"1115",11527,NA,NA,NA,NA,NA,NA,NA,NA,NA,NA,NA,NA,NA,NA,NA,NA,NA,NA
"1116",11551,41.36,96.81,75.88,43.71,120.36,99.51,65.12,116.08,105.74,-0.669,0.926,0.916,-0.678,0.955,0.975,0.002,0.706,0.824
"1117",11553,NA,NA,NA,NA,NA,NA,NA,NA,NA,NA,NA,NA,NA,NA,NA,NA,NA,NA
"1118",11556,NA,NA,NA,NA,NA,NA,NA,NA,NA,NA,NA,NA,NA,NA,NA,NA,NA,NA
"1119",11570,51.26,157.47,119.97,69.24,176.72,132.2,91.19,192.94,157.97,-0.261,1.7,1.663,0.631,1.618,1.461,1.185,1.606,1.737
"1120",11580,44.37,150.1,110.81,69.35,169.63,134.41,73.88,168.62,147.31,-0.547,1.61,1.527,0.672,1.543,1.515,0.352,1.228,1.499
"1121",11581,63.02,127,77.22,72.45,131.97,125.47,82.11,156.79,143.47,0.198,1.309,0.96,0.817,1.09,1.382,0.714,1.096,1.425
"1122",11584,58.7,125.49,88.88,NA,NA,NA,NA,NA,NA,0.035,1.314,1.156,NA,NA,NA,NA,NA,NA
"1123",11586,24.66,92.63,68.15,NA,NA,NA,NA,NA,NA,-1.604,0.875,0.76,NA,NA,NA,NA,NA,NA
"1124",11590,64.77,75.35,86.13,57.13,87.84,115.66,78.41,96.99,101.26,0.262,0.597,1.084,0.002,0.526,1.18,0.546,0.505,0.763
"1125",11601,NA,NA,NA,NA,NA,NA,NA,NA,NA,NA,NA,NA,NA,NA,NA,NA,NA,NA
"1126",11612,NA,NA,NA,NA,NA,NA,NA,NA,NA,NA,NA,NA,NA,NA,NA,NA,NA,NA
"1127",11613,NA,NA,NA,NA,NA,NA,NA,NA,NA,NA,NA,NA,NA,NA,NA,NA,NA,NA
"1128",11625,NA,NA,NA,NA,NA,NA,NA,NA,NA,NA,NA,NA,NA,NA,NA,NA,NA,NA
"1129",11641,NA,NA,NA,NA,NA,NA,NA,NA,NA,NA,NA,NA,NA,NA,NA,NA,NA,NA
"1130",11644,67.29,136.34,86.93,85.3,173.99,122.12,92.36,183.12,113.06,0.364,1.397,1.093,1.616,1.588,1.317,1.255,1.423,0.928
"1131",11680,NA,NA,NA,NA,NA,NA,NA,NA,NA,NA,NA,NA,NA,NA,NA,NA,NA,NA
"1132",11687,40.43,86.79,63.68,NA,NA,NA,NA,NA,NA,-0.69,0.777,0.644,NA,NA,NA,NA,NA,NA
"1133",11692,NA,NA,NA,NA,NA,NA,NA,NA,NA,NA,NA,NA,NA,NA,NA,NA,NA,NA
"1134",11715,62.57,142.72,121.74,74.87,148.97,139.94,91.07,169.42,127.2,0.169,1.424,1.69,0.902,1.261,1.625,1.178,1.238,1.145
"1135",11734,67.02,148.11,106.91,58.93,166.42,143.35,NA,NA,NA,0.398,1.572,1.454,0.095,1.48,1.76,NA,NA,NA
"1136",11758,36.18,125.77,71.18,57.64,126.56,91.65,69.84,165.33,126.04,-0.914,1.248,0.807,0.056,1.015,0.849,0.188,1.189,1.126
"1137",11765,67.11,158.07,76.16,77.32,167.12,93.47,87.54,186.3,146.89,0.428,1.568,0.933,1.095,1.568,0.888,0.983,1.475,1.491
"1138",11766,47.86,112.64,113.98,66.37,160.2,139.14,95.91,182.7,140.42,-0.389,1.095,1.557,0.498,1.399,1.606,1.487,1.417,1.369
"1139",11796,NA,NA,NA,NA,NA,NA,NA,NA,NA,NA,NA,NA,NA,NA,NA,NA,NA,NA
"1140",11797,32.8,90.39,54.81,25.86,112.35,71.51,43.73,106.32,84.26,-1.076,0.839,0.401,-1.892,0.842,0.547,-0.838,0.608,0.53
"1141",11803,30.12,84.16,66.01,NA,NA,NA,NA,NA,NA,-1.209,0.739,0.707,NA,NA,NA,NA,NA,NA
"1142",11805,43.84,86.94,78.92,51.61,106.45,87.05,NA,NA,NA,-0.566,0.771,0.991,-0.257,0.814,0.755,NA,NA,NA
"1143",11808,48.96,120.32,66.22,53.68,147.06,90.91,56.91,158.28,119.21,-0.376,1.197,0.72,-0.152,1.219,0.838,-0.313,1.112,1.02
"1144",11841,51.54,109.91,89.94,NA,NA,NA,NA,NA,NA,-0.242,1.177,1.191,NA,NA,NA,NA,NA,NA
"1145",11863,28.53,117.15,76.42,41.88,133.21,116.76,NA,NA,NA,-1.314,1.203,0.941,-0.765,1.058,1.204,NA,NA,NA
"1146",11879,NA,NA,NA,NA,NA,NA,NA,NA,NA,NA,NA,NA,NA,NA,NA,NA,NA,NA
"1147",11910,72.45,154.76,140.18,89.37,158.08,165.09,105.67,199.86,171.23,0.62,1.652,2.082,1.939,1.387,2.306,2.502,1.801,2.391
"1148",11918,29.69,105.73,73.16,NA,NA,NA,NA,NA,NA,-1.259,1.016,0.843,NA,NA,NA,NA,NA,NA
"1149",11924,NA,NA,NA,NA,NA,NA,NA,NA,NA,NA,NA,NA,NA,NA,NA,NA,NA,NA
"1150",11927,55.71,111.59,90.45,53.04,126.81,111.95,76.93,183.55,152.95,-0.099,1.18,1.189,-0.17,0.988,1.12,0.482,1.43,1.617
"1151",11931,62.93,130.37,105.85,77.85,148.33,144.3,NA,NA,NA,0.185,1.41,1.466,1.162,1.273,1.741,NA,NA,NA
"1152",11932,NA,NA,NA,NA,NA,NA,NA,NA,NA,NA,NA,NA,NA,NA,NA,NA,NA,NA
"1153",11937,NA,NA,NA,NA,NA,NA,NA,NA,NA,NA,NA,NA,NA,NA,NA,NA,NA,NA
"1154",11943,56.65,128.28,75.92,58.72,135.89,79.49,60.58,155.61,83.15,-0.028,1.373,0.942,0.084,1.145,0.724,-0.172,1.084,0.514
"1155",11949,33.03,105.47,72.59,38.13,147.71,88.56,58.35,156.48,103.25,-1.073,1.052,0.824,-0.996,1.22,0.778,-0.258,1.093,0.79
"1156",11954,40.53,105.16,59.95,54.31,126.2,86.95,77.72,161.04,116.68,-0.702,0.992,0.547,-0.149,1.012,0.752,0.516,1.141,0.981
"1157",11958,NA,NA,NA,NA,NA,NA,NA,NA,NA,NA,NA,NA,NA,NA,NA,NA,NA,NA
"1158",11961,44.89,117.65,88.31,66.69,167.51,130.32,75.95,175.58,136.95,-0.534,1.176,1.137,0.517,1.545,1.423,0.439,1.316,1.308
"1159",11966,65.16,146.31,107.7,66.4,164.54,133.46,105.62,178.82,146.3,0.273,1.578,1.475,0.473,1.443,1.506,2.495,1.36,1.479
"1160",11974,59.01,117.09,103.55,78,109.79,152.55,93.21,152.83,157.5,0.031,1.193,1.384,1.068,0.863,1.912,1.307,1.055,1.725
"1161",11989,74.11,147.41,105.17,74.51,168.06,136.71,72.75,160.04,138.59,0.597,1.501,1.449,0.912,1.508,1.566,0.305,1.13,1.337
"1162",11991,56.01,124.52,106.25,58.68,151.29,99.33,80.9,148.27,101.56,-0.061,1.213,1.446,0.109,1.288,0.941,0.658,1.01,0.767
"1163",12006,NA,NA,NA,NA,NA,NA,NA,NA,NA,NA,NA,NA,NA,NA,NA,NA,NA,NA
"1164",12037,NA,NA,NA,NA,NA,NA,NA,NA,NA,NA,NA,NA,NA,NA,NA,NA,NA,NA
"1165",12041,NA,NA,NA,NA,NA,NA,NA,NA,NA,NA,NA,NA,NA,NA,NA,NA,NA,NA
"1166",12062,33.85,114.18,116.54,39.75,140.6,139.19,71.65,177.34,135.34,-1.035,1.186,1.648,-0.884,1.127,1.614,0.26,1.339,1.28
"1167",12063,NA,NA,NA,NA,NA,NA,NA,NA,NA,NA,NA,NA,NA,NA,NA,NA,NA,NA
"1168",12071,NA,NA,59.59,58.71,NA,113.59,NA,NA,NA,NA,NA,0.534,0.135,NA,1.151,NA,NA,NA
"1169",12074,41.88,125.62,76.66,NA,NA,NA,NA,NA,NA,-0.649,1.297,0.939,NA,NA,NA,NA,NA,NA
"1170",12093,39.04,124.6,81.69,NA,NA,NA,NA,NA,NA,-0.773,1.231,1.021,NA,NA,NA,NA,NA,NA
"1171",12108,42.59,125.58,105.85,55.56,161.71,115.35,NA,NA,NA,-0.634,1.227,1.452,-0.096,1.393,1.284,NA,NA,NA
"1172",12133,NA,NA,NA,NA,NA,NA,NA,NA,NA,NA,NA,NA,NA,NA,NA,NA,NA,NA
"1173",12135,68.25,160.84,93.44,79.66,170.2,121.55,88.45,175.99,134.56,0.417,1.755,1.251,1.221,1.604,1.327,1.031,1.321,1.267
"1174",12141,34.55,127.79,73.49,59.5,146.94,98.8,81.05,147.2,122.65,-1.004,1.317,0.857,0.137,1.252,0.964,0.665,0.999,1.073
"1175",12151,73.35,146.21,108.89,90.27,171.55,138.21,101.21,177.6,143.67,0.605,1.549,1.515,2.031,1.611,1.591,1.929,1.343,1.429
"1176",12176,63.83,147.01,90.97,86.21,181.15,116.54,96.94,201.87,162.01,0.233,1.477,1.21,1.617,1.696,1.317,1.562,1.879,1.855
"1177",12178,41.34,95.19,71.64,54.9,149.23,87.93,72.33,161.19,117.65,-0.691,0.9,0.817,-0.108,1.246,0.768,0.288,1.143,0.996
"1178",12182,39.51,107.23,74.13,48.94,126.4,89.92,82.76,158.47,121.21,-0.741,1.11,0.878,-0.367,0.998,0.816,0.745,1.114,1.05
"1179",12221,55.98,88.85,89.17,NA,NA,NA,NA,NA,NA,-0.064,0.798,1.149,NA,NA,NA,NA,NA,NA
"1180",12228,53.4,146.82,86.73,NA,NA,NA,NA,NA,NA,-0.183,1.58,1.095,NA,NA,NA,NA,NA,NA
"1181",12233,55.08,125.99,76.44,63.55,130.95,92.43,NA,NA,NA,-0.127,1.353,0.941,0.337,1.107,0.872,NA,NA,NA
"1182",12243,54.27,126.68,102.44,57.27,147.93,132.22,NA,NA,NA,-0.15,1.341,1.355,0.057,1.241,1.483,NA,NA,NA
"1183",12249,NA,NA,NA,NA,NA,NA,NA,NA,NA,NA,NA,NA,NA,NA,NA,NA,NA,NA
"1184",12267,58.41,103.21,101.62,NA,NA,NA,NA,NA,NA,-0.008,0.909,1.335,NA,NA,NA,NA,NA,NA
"1185",12279,NA,NA,NA,NA,NA,NA,NA,NA,NA,NA,NA,NA,NA,NA,NA,NA,NA,NA
"1186",12282,NA,NA,NA,NA,NA,NA,NA,NA,NA,NA,NA,NA,NA,NA,NA,NA,NA,NA
"1187",12283,41.27,127.12,109.37,56.18,143.51,119.98,92.08,173.38,142.66,-0.678,1.338,1.492,-0.003,1.198,1.302,1.238,1.287,1.41
"1188",12317,37.45,110.82,90.03,60.71,147.79,116.27,89.66,173.68,142.01,-0.83,1.182,1.199,0.236,1.22,1.184,1.097,1.291,1.398
"1189",12331,34.94,123.26,117.74,NA,NA,NA,NA,NA,NA,-0.937,1.185,1.637,NA,NA,NA,NA,NA,NA
"1190",12335,83.41,121.83,104.17,91.23,156.79,128.31,95.42,190.28,140.54,1.11,1.207,1.395,2.013,1.376,1.356,1.453,1.549,1.372
"1191",12340,63.24,148.07,134.93,77.32,182.53,158.38,85.33,195.5,157.83,0.225,1.577,1.966,1.078,1.799,2.112,0.87,1.668,1.734
"1192",12345,66.26,125.61,96.16,79.73,147.2,86.74,95.34,176.76,145.17,0.344,1.268,1.293,1.244,1.206,0.706,1.448,1.331,1.457
"1193",12357,75.8,182.32,114.75,86.55,175.87,128.51,93.45,195.15,145.39,0.711,2.043,1.579,1.632,1.653,1.377,1.322,1.659,1.462
"1194",12363,69.27,166.98,141.41,86.89,194.84,151.94,97.95,190.28,171.15,0.447,1.804,2.1,1.593,2.028,1.997,1.64,1.549,2.381
"1195",12367,NA,NA,NA,NA,NA,NA,NA,NA,NA,NA,NA,NA,NA,NA,NA,NA,NA,NA
"1196",12379,61.96,164.86,129.73,76.54,181.14,152.59,92.68,204.49,156.99,0.168,1.724,1.858,1.052,1.711,1.899,1.274,2.009,1.712
"1197",12385,67.61,184.07,120.59,85.25,194.17,160.37,104.41,200.89,158.4,0.364,2.086,1.681,1.534,1.998,2.196,2.306,1.839,1.749
"1198",12386,NA,NA,NA,NA,NA,NA,NA,NA,NA,NA,NA,NA,NA,NA,NA,NA,NA,NA
"1199",12391,48.25,133.75,118.78,64.9,166.43,155.03,99.52,193.11,159.6,-0.382,1.417,1.651,0.416,1.508,2.017,1.771,1.609,1.782
"1200",12413,NA,NA,NA,NA,NA,NA,NA,NA,NA,NA,NA,NA,NA,NA,NA,NA,NA,NA
"1201",12414,61.77,152.99,98.21,77.91,183.15,141.56,NA,NA,NA,0.106,1.621,1.288,1.157,1.752,1.669,NA,NA,NA
"1202",12426,NA,NA,NA,NA,NA,NA,NA,NA,NA,NA,NA,NA,NA,NA,NA,NA,NA,NA
"1203",12432,39.63,141.35,94.32,NA,NA,NA,NA,NA,NA,-0.734,1.427,1.274,NA,NA,NA,NA,NA,NA
"1204",12445,61.44,155.64,118.11,85.28,188.66,132.66,101.72,204.04,162.94,0.145,1.693,1.64,1.651,1.828,1.567,1.981,1.984,1.887
"1205",12463,30.86,90.53,85.38,51.16,96.96,97.53,66.83,131.17,125.97,-1.172,0.824,1.075,-0.256,0.65,0.943,0.068,0.848,1.125
"1206",12497,26.5,103.67,55.77,40.68,135.63,97.13,62.09,171.14,111.09,-1.463,1.005,0.429,-0.843,1.097,0.947,-0.115,1.259,0.9
"1207",12498,40.13,95.18,59.15,48.81,127.81,111.82,70.43,96.18,110.51,-0.696,0.919,0.526,-0.421,1.011,1.124,0.211,0.495,0.891
"1208",12503,68.82,126.24,103.66,67.6,158.88,122.03,87.15,182.42,135.57,0.413,1.308,1.394,0.582,1.39,1.336,0.962,1.413,1.284
"1209",12504,50.25,127.79,89.79,61.92,169.25,113.54,83.05,190.16,150.98,-0.296,1.354,1.194,0.253,1.576,1.142,0.759,1.546,1.574
"1210",12512,64.19,172.92,121.77,77.4,182.92,131.12,81.04,197.6,141.76,0.217,1.916,1.768,1.11,1.81,1.451,0.664,1.727,1.394
"1211",12541,NA,NA,NA,NA,NA,NA,NA,NA,NA,NA,NA,NA,NA,NA,NA,NA,NA,NA
"1212",12545,25.23,NA,44.36,29.87,97.69,61.39,NA,NA,NA,-1.541,NA,0.029,-1.537,0.652,0.313,NA,NA,NA
"1213",12548,37.28,108.8,103.17,NA,NA,NA,NA,NA,NA,-0.837,1.135,1.371,NA,NA,NA,NA,NA,NA
"1214",12561,28.91,76.22,78.95,31.79,109.95,113.35,47.45,143.83,132.35,-1.308,0.613,0.989,-1.406,0.789,1.148,-0.684,0.967,1.229
"1215",12598,NA,NA,NA,NA,NA,NA,NA,NA,NA,NA,NA,NA,NA,NA,NA,NA,NA,NA
"1216",12604,52.68,135.66,76.49,59.16,149.72,110.32,77.64,181.78,126.4,-0.23,1.396,0.949,0.117,1.281,1.192,0.513,1.403,1.132
"1217",12609,44.44,116.86,54.67,61.39,128.72,65.12,55.71,122.17,75.42,-0.553,1.171,0.404,0.244,1.08,0.415,-0.359,0.764,0.396
"1218",12636,NA,NA,NA,NA,NA,NA,NA,NA,NA,NA,NA,NA,NA,NA,NA,NA,NA,NA
"1219",12641,51.65,150.93,106.63,NA,NA,NA,NA,NA,NA,-0.266,1.642,1.477,NA,NA,NA,NA,NA,NA
"1220",12646,58.78,106.14,119.48,59.07,126.86,119.4,74.35,140.31,134.61,0.008,1.047,1.73,0.144,1,1.289,0.372,0.933,1.268
"1221",12650,50.47,125.47,104.88,75.61,165.72,118.18,96.5,189.02,131.32,-0.279,1.238,1.424,0.984,1.432,1.227,1.529,1.524,1.212
"1222",12659,68.48,142.74,109.54,79.24,160.12,114.47,88.94,183.9,101.45,0.431,1.409,1.494,1.224,1.382,1.207,1.058,1.436,0.765
"1223",12665,51.47,96.26,92.09,NA,NA,NA,NA,NA,NA,-0.236,0.904,1.24,NA,NA,NA,NA,NA,NA
"1224",12669,60.87,146.7,124.23,65.16,165.37,118.56,90.96,192.82,150.62,0.101,1.454,1.793,0.421,1.426,1.285,1.171,1.603,1.566
"1225",12675,49.54,162.19,139.98,67.74,179.47,150.24,95.28,172.13,161.27,-0.319,1.8,2.076,0.565,1.665,1.823,1.443,1.271,1.832
"1226",12683,62.35,183.97,143.99,82.06,194.36,145.29,88.82,205.93,158.59,0.195,2.174,2.191,1.457,2.003,1.81,1.051,2.102,1.754
"1227",12684,42.2,140.36,100.95,56.95,140.78,123.21,NA,NA,NA,-0.62,1.433,1.35,0.036,1.159,1.336,NA,NA,NA
"1228",12686,NA,NA,NA,NA,NA,NA,NA,NA,NA,NA,NA,NA,NA,NA,NA,NA,NA,NA
"1229",12692,NA,NA,NA,NA,NA,NA,NA,NA,NA,NA,NA,NA,NA,NA,NA,NA,NA,NA
"1230",12699,75.25,166.28,129.83,78.07,188.01,153.04,99.27,205.6,165.84,0.635,1.787,1.866,1.089,1.886,1.95,1.749,2.079,2.001
"1231",12701,67.33,131.11,115.73,79.66,151.61,140.56,104.58,175.27,159.94,0.36,1.414,1.603,1.213,1.275,1.635,2.33,1.312,1.792
"1232",12709,64.62,164.38,158.03,80.66,161.14,154.84,102.93,169.67,162.96,0.292,1.645,2.533,1.308,1.406,2.004,2.115,1.241,1.887
"1233",12732,38.7,124.85,86.59,NA,NA,NA,NA,NA,NA,-0.794,1.313,1.087,NA,NA,NA,NA,NA,NA
"1234",12771,36.25,73.51,88.45,47.82,102.78,111.11,41.54,130.35,136.69,-0.981,0.53,1.132,-0.473,0.718,1.102,-0.933,0.84,1.303
"1235",12777,62.49,146.79,139.78,76.17,185.75,153.37,92.94,206.19,160.9,0.152,1.566,2.062,1.087,1.79,1.951,1.29,2.121,1.82
"1236",12779,NA,NA,NA,NA,NA,NA,NA,NA,NA,NA,NA,NA,NA,NA,NA,NA,NA,NA
"1237",12805,71.74,168.21,116.22,80.15,168.33,148.95,96.43,176.08,149.34,0.588,1.806,1.594,1.251,1.572,1.876,1.525,1.322,1.54
"1238",12818,NA,NA,NA,NA,NA,NA,NA,NA,NA,NA,NA,NA,NA,NA,NA,NA,NA,NA
"1239",12838,43.52,117.29,65.17,63.18,146.66,99.69,86.58,154.87,135.23,-0.564,1.184,0.692,0.342,1.215,0.978,0.933,1.076,1.278
"1240",12880,20.1,71.86,60.05,29.71,87.23,88.42,NA,NA,NA,-2.048,0.462,0.547,-1.568,0.505,0.78,NA,NA,NA
"1241",12886,27.6,80.99,53.93,51.18,125.73,89.1,75.04,150.26,121.86,-1.392,0.673,0.369,-0.265,0.993,0.8,0.401,1.029,1.06
"1242",12955,43.65,104.82,109.59,69.86,126.91,161.35,95.38,188.69,170.75,-0.555,1.005,1.508,0.659,0.994,2.109,1.45,1.518,2.335
"1243",12962,40.31,86.59,76.83,45.53,106.38,89.89,60.09,134.29,128.63,-0.698,0.75,0.952,-0.561,0.811,0.825,-0.191,0.877,1.168
"1244",12973,68.64,113.49,82.9,86.81,169.37,130.59,103.99,196.54,166.07,0.376,1.197,1.043,1.7,1.537,1.429,2.249,1.696,2.012
"1245",13019,84.95,191.51,106.56,NA,NA,NA,NA,NA,NA,1.056,2.306,1.472,NA,NA,NA,NA,NA,NA
"1246",13045,47.89,109.01,79.74,66.74,116.54,91.53,95.6,183.76,147.49,-0.396,1.187,1,0.506,0.925,0.855,1.465,1.434,1.503
"1247",13054,NA,NA,NA,NA,NA,NA,NA,NA,NA,NA,NA,NA,NA,NA,NA,NA,NA,NA
"1248",13062,NA,NA,NA,NA,NA,NA,NA,NA,NA,NA,NA,NA,NA,NA,NA,NA,NA,NA
"1249",13065,NA,NA,NA,NA,NA,NA,NA,NA,NA,NA,NA,NA,NA,NA,NA,NA,NA,NA
"1250",13068,NA,NA,NA,NA,NA,NA,NA,NA,NA,NA,NA,NA,NA,NA,NA,NA,NA,NA
"1251",13076,NA,NA,NA,NA,NA,NA,NA,NA,NA,NA,NA,NA,NA,NA,NA,NA,NA,NA
"1252",13079,NA,NA,NA,NA,NA,NA,NA,NA,NA,NA,NA,NA,NA,NA,NA,NA,NA,NA
"1253",13080,59.14,125.38,62.14,64.78,140.28,80.81,NA,NA,NA,0.081,1.223,0.603,0.413,1.177,0.635,NA,NA,NA
"1254",13082,49.57,143.14,105.56,68.2,161.12,113.58,NA,NA,NA,-0.33,1.502,1.427,0.582,1.379,1.244,NA,NA,NA
"1255",13095,NA,NA,NA,NA,NA,NA,NA,NA,NA,NA,NA,NA,NA,NA,NA,NA,NA,NA
"1256",13096,28.16,122.11,50.53,NA,NA,NA,NA,NA,NA,-1.357,1.217,0.258,NA,NA,NA,NA,NA,NA
"1257",13119,47.95,157.44,103.05,NA,NA,NA,NA,NA,NA,-0.398,1.674,1.374,NA,NA,NA,NA,NA,NA
"1258",13129,52.87,88.54,102.8,75.89,107.74,128.14,NA,NA,NA,-0.207,0.8,1.394,0.999,0.807,1.361,NA,NA,NA
"1259",13139,NA,NA,NA,NA,NA,NA,NA,NA,NA,NA,NA,NA,NA,NA,NA,NA,NA,NA
"1260",13145,29.71,82.89,64.14,NA,NA,NA,NA,NA,NA,-1.251,0.707,0.66,NA,NA,NA,NA,NA,NA
"1261",13165,40.22,119.37,62.13,52.17,129.34,89.55,NA,NA,NA,-0.691,1.184,0.605,-0.192,1.057,0.785,NA,NA,NA
"1262",13166,NA,NA,NA,NA,NA,NA,NA,NA,NA,NA,NA,NA,NA,NA,NA,NA,NA,NA
"1263",13169,NA,NA,NA,NA,NA,NA,NA,NA,NA,NA,NA,NA,NA,NA,NA,NA,NA,NA
"1264",13183,NA,NA,NA,NA,NA,NA,NA,NA,NA,NA,NA,NA,NA,NA,NA,NA,NA,NA
"1265",13205,26.86,86.78,95.98,49.95,130.34,133.63,NA,NA,NA,-1.434,0.757,1.278,-0.342,1.036,1.507,NA,NA,NA
"1266",13207,NA,NA,NA,NA,NA,NA,NA,NA,NA,NA,NA,NA,NA,NA,NA,NA,NA,NA
"1267",13211,NA,NA,NA,NA,NA,NA,NA,NA,NA,NA,NA,NA,NA,NA,NA,NA,NA,NA
"1268",13213,45.8,105.82,102.99,NA,NA,NA,NA,NA,NA,-0.482,1.006,1.383,NA,NA,NA,NA,NA,NA
"1269",13223,20.52,58.84,44.98,NA,NA,NA,NA,NA,NA,-1.985,0.109,0.051,NA,NA,NA,NA,NA,NA
"1270",13249,NA,NA,NA,NA,NA,NA,NA,NA,NA,NA,NA,NA,NA,NA,NA,NA,NA,NA
"1271",13262,42,107.18,84.5,51.54,125.91,104.68,76.44,147.97,140.67,-0.634,1.084,1.055,-0.264,1.001,0.989,0.461,1.007,1.374
"1272",13264,55.78,141.28,118.78,74.03,154.58,143.14,92.83,186.76,166.87,-0.09,1.502,1.644,0.902,1.359,1.752,1.284,1.483,2.051
"1273",13270,55.84,132.6,122.01,NA,NA,NA,NA,NA,NA,-0.072,1.403,1.727,NA,NA,NA,NA,NA,NA
"1274",13278,49.09,133.82,115.78,NA,NA,NA,NA,NA,NA,-0.337,1.418,1.59,NA,NA,NA,NA,NA,NA
"1275",13293,NA,NA,NA,NA,NA,NA,NA,NA,NA,NA,NA,NA,NA,NA,NA,NA,NA,NA
"1276",13295,NA,NA,NA,NA,NA,NA,NA,NA,NA,NA,NA,NA,NA,NA,NA,NA,NA,NA
"1277",13298,NA,NA,NA,NA,NA,NA,NA,NA,NA,NA,NA,NA,NA,NA,NA,NA,NA,NA
"1278",13327,63.54,170.59,127.98,62.08,177.16,129.25,NA,NA,NA,0.222,1.886,1.788,0.243,1.629,1.383,NA,NA,NA
"1279",13330,NA,NA,NA,NA,NA,NA,NA,NA,NA,NA,NA,NA,NA,NA,NA,NA,NA,NA
"1280",13354,NA,NA,NA,NA,NA,NA,NA,NA,NA,NA,NA,NA,NA,NA,NA,NA,NA,NA
"1281",13360,NA,NA,NA,NA,NA,NA,NA,NA,NA,NA,NA,NA,NA,NA,NA,NA,NA,NA
"1282",13362,52.8,123.77,89.55,NA,NA,NA,NA,NA,NA,-0.177,1.262,1.172,NA,NA,NA,NA,NA,NA
"1283",13364,38.07,146.54,103.66,59.51,149.15,131.67,71.04,193.45,153.03,-0.825,1.472,1.39,0.147,1.293,1.454,0.236,1.617,1.619
"1284",13372,51.79,103.91,103.51,NA,NA,NA,NA,NA,NA,-0.228,0.971,1.404,NA,NA,NA,NA,NA,NA
"1285",13387,46.85,139.94,105.14,57.93,145.67,122.84,89.83,184.19,147.98,-0.441,1.405,1.437,0.074,1.185,1.355,1.107,1.44,1.512
"1286",13397,NA,NA,NA,NA,NA,NA,NA,NA,NA,NA,NA,NA,NA,NA,NA,NA,NA,NA
"1287",13418,NA,NA,NA,NA,NA,NA,92.86,145.6,131.06,NA,NA,NA,NA,NA,NA,1.285,0.984,1.208
"1288",13423,52.2,115.79,116.75,NA,NA,NA,NA,NA,NA,-0.238,1.198,1.66,NA,NA,NA,NA,NA,NA
"1289",13433,NA,NA,NA,NA,NA,NA,NA,NA,NA,NA,NA,NA,NA,NA,NA,NA,NA,NA
"1290",13449,NA,NA,NA,NA,NA,NA,NA,NA,NA,NA,NA,NA,NA,NA,NA,NA,NA,NA
"1291",13451,31.79,88.29,69.1,44.37,103.02,81.67,NA,NA,NA,-1.121,0.782,0.775,-0.621,0.727,0.748,NA,NA,NA
"1292",13473,26.23,88.63,55.43,36.69,93.3,94.46,NA,NA,NA,-1.462,0.798,0.421,-1.083,0.618,0.866,NA,NA,NA
"1293",13481,43.24,148.89,89.63,60.25,168.72,118.37,78.34,193.18,141.56,-0.57,1.63,1.184,0.195,1.508,1.286,0.543,1.611,1.39
"1294",13497,30.12,104.9,55.77,50.61,125.62,102.96,64.34,130.03,129.04,-1.227,1.024,0.429,-0.303,0.996,1.037,-0.028,0.837,1.175
"1295",13521,73.84,147.26,120.75,92.75,187.59,143.06,103.15,202.45,151.08,0.714,1.532,1.741,2.144,1.805,1.755,2.141,1.905,1.576
"1296",13531,65.13,160.97,117.31,73.79,177.63,132.78,92.37,195.11,143.51,0.313,1.766,1.613,0.853,1.671,1.492,1.255,1.658,1.426
"1297",13534,51.56,103.96,75.46,65.9,163.27,106.98,86.38,173.98,131.71,-0.212,0.981,0.913,0.459,1.388,1.038,0.923,1.295,1.219
"1298",13537,29.21,108.31,69.86,52.21,140.53,92.81,85.27,165.98,128.55,-1.284,1.105,0.786,-0.231,1.149,0.879,0.866,1.197,1.167
"1299",13538,65.27,150.06,116.81,73.89,179.33,153.46,97.06,188.46,159.24,0.297,1.621,1.61,0.874,1.679,1.981,1.571,1.514,1.772
"1300",13558,56.62,105.64,103.27,NA,NA,NA,NA,NA,NA,-0.062,1.037,1.373,NA,NA,NA,NA,NA,NA
"1301",13560,66.87,143.07,116.08,80.91,181.23,142.3,NA,NA,NA,0.36,1.425,1.595,1.24,1.721,1.621,NA,NA,NA
"1302",13574,NA,NA,NA,NA,NA,NA,NA,NA,NA,NA,NA,NA,NA,NA,NA,NA,NA,NA
"1303",13578,NA,NA,NA,NA,NA,NA,NA,NA,NA,NA,NA,NA,NA,NA,NA,NA,NA,NA
"1304",13603,53.17,142.93,99.84,NA,NA,NA,NA,NA,NA,-0.18,1.471,1.311,NA,NA,NA,NA,NA,NA
"1305",13612,59.98,160.11,123.28,NA,NA,NA,NA,NA,NA,0.08,1.74,1.738,NA,NA,NA,NA,NA,NA
"1306",13623,NA,NA,NA,NA,NA,NA,NA,NA,NA,NA,NA,NA,NA,NA,NA,NA,NA,NA
"1307",13635,61.12,165.05,144.3,68.63,178.66,145.64,NA,NA,NA,0.16,1.788,2.189,0.611,1.647,1.793,NA,NA,NA
"1308",13644,56.98,146.6,135.56,69.45,171.75,156.39,102.12,195.28,168.13,-0.054,1.507,2,0.643,1.597,2.064,2.024,1.662,2.122
"1309",13645,NA,NA,NA,NA,NA,NA,NA,NA,NA,NA,NA,NA,NA,NA,NA,NA,NA,NA
"1310",13656,NA,NA,NA,NA,NA,NA,NA,NA,NA,NA,NA,NA,NA,NA,NA,NA,NA,NA
"1311",13663,NA,NA,NA,NA,NA,NA,NA,NA,NA,NA,NA,NA,NA,NA,NA,NA,NA,NA
"1312",13677,42.97,141.59,123.12,71.94,166.35,161.13,98.28,191.11,169.53,-0.612,1.409,1.74,0.758,1.545,2.248,1.666,1.566,2.22
"1313",13680,56.68,123.83,106.69,72.58,158.06,150.5,81.92,165.94,163.76,-0.08,1.202,1.454,0.807,1.389,1.873,0.705,1.196,1.916
"1314",13683,NA,NA,NA,NA,NA,NA,NA,NA,NA,NA,NA,NA,NA,NA,NA,NA,NA,NA
"1315",13690,44.98,107.76,109.23,66.64,127.12,145.68,94.76,157.18,158.62,-0.499,1.106,1.496,0.494,1.036,1.789,1.408,1.1,1.755
"1316",13702,55.98,124.89,107.21,65.58,178.04,128.18,73.77,172.71,135.28,-0.066,1.219,1.464,0.448,1.629,1.432,0.348,1.278,1.279
"1317",13709,NA,NA,NA,NA,NA,NA,NA,NA,NA,NA,NA,NA,NA,NA,NA,NA,NA,NA
"1318",13747,42.93,105.3,77.46,61.73,148.02,117.73,90.45,173.93,138.04,-0.596,1.021,0.969,0.216,1.259,1.24,1.142,1.294,1.327
"1319",13750,69.85,143.45,114.63,78.9,163.97,126.85,90.75,185.23,147.36,0.472,1.525,1.569,1.162,1.403,1.41,1.159,1.457,1.5
"1320",13759,NA,NA,NA,NA,NA,NA,NA,NA,NA,NA,NA,NA,NA,NA,NA,NA,NA,NA
"1321",13772,43.12,125.34,118.05,57.35,168.6,145.56,73.47,178.23,147.51,-0.582,1.229,1.625,0.032,1.515,1.815,0.335,1.352,1.503
"1322",13781,34.01,56.43,57.18,48.01,71.1,91.77,37.88,105.04,71.75,-1.003,0.046,0.47,-0.47,0.226,0.86,-1.099,0.594,0.335
"1323",13783,22.94,81.44,47.35,NA,NA,NA,NA,NA,NA,-1.732,0.684,0.139,NA,NA,NA,NA,NA,NA
"1324",13787,53.78,128.89,100.77,NA,NA,NA,NA,NA,NA,-0.172,1.4,1.323,NA,NA,NA,NA,NA,NA
"1325",13795,46.9,108.33,94.66,57.24,147.07,121.82,74.76,132.09,113.23,-0.403,1.125,1.27,0.03,1.205,1.328,0.389,0.857,0.931
"1326",13824,55.1,157.02,125.92,80.26,173.43,152.25,97.71,165.34,170.22,-0.093,1.721,1.801,1.251,1.619,1.997,1.621,1.189,2.281
"1327",13835,44,110.88,74.46,68.7,141.08,103.66,81.91,110.84,108.14,-0.553,1.145,0.876,0.584,1.123,1.057,0.705,0.654,0.858
"1328",13840,55.13,135.61,106.98,79.04,168.07,155.45,NA,NA,NA,-0.101,1.43,1.473,1.175,1.552,2.017,NA,NA,NA
"1329",13842,NA,NA,NA,NA,NA,NA,NA,NA,NA,NA,NA,NA,NA,NA,NA,NA,NA,NA
"1330",13846,NA,NA,NA,NA,NA,NA,NA,NA,NA,NA,NA,NA,NA,NA,NA,NA,NA,NA
"1331",13867,70.39,163.88,140.15,NA,NA,NA,NA,NA,NA,0.463,1.736,2.095,NA,NA,NA,NA,NA,NA
"1332",13871,39.6,151.55,95.19,NA,NA,NA,65.79,130.85,112.8,-0.765,1.582,1.251,NA,NA,NA,0.028,0.845,0.924
"1333",13873,32.5,113.05,103.26,NA,NA,NA,NA,NA,NA,-1.093,1.143,1.395,NA,NA,NA,NA,NA,NA
"1334",13876,25.38,107.26,103.41,29.4,136.79,121.03,47.53,167.86,136.87,-1.527,1.098,1.385,-1.586,1.127,1.314,-0.681,1.219,1.306
"1335",13886,27.97,105.34,88.35,37.01,123.82,83.48,63.74,144.77,115.79,-1.361,1.047,1.143,-1.061,0.958,0.682,-0.051,0.976,0.968
"1336",13889,NA,NA,NA,NA,NA,NA,NA,NA,NA,NA,NA,NA,NA,NA,NA,NA,NA,NA
"1337",13895,30.12,115.88,60.48,NA,NA,NA,NA,NA,NA,-1.241,1.18,0.558,NA,NA,NA,NA,NA,NA
"1338",13901,NA,NA,NA,NA,NA,NA,NA,NA,NA,NA,NA,NA,NA,NA,NA,NA,NA,NA
"1339",13909,NA,NA,NA,NA,NA,NA,NA,NA,NA,NA,NA,NA,NA,NA,NA,NA,NA,NA
"1340",13912,43.78,107.53,66.52,NA,NA,NA,NA,NA,NA,-0.577,1.106,0.717,NA,NA,NA,NA,NA,NA
"1341",13914,50.54,153.12,138.92,70.85,186.26,158.68,86.07,190.1,169.83,-0.296,1.545,2.07,0.71,1.8,2.118,0.907,1.545,2.245
"1342",13931,48.81,113.8,80.03,63.27,169.24,111.06,83.56,157.62,146.51,-0.351,1.169,1.008,0.334,1.581,1.209,0.783,1.105,1.483
"1343",13940,NA,NA,NA,NA,NA,NA,NA,NA,NA,NA,NA,NA,NA,NA,NA,NA,NA,NA
"1344",13964,NA,NA,NA,NA,NA,NA,NA,NA,NA,NA,NA,NA,NA,NA,NA,NA,NA,NA
"1345",13965,38.98,106.93,94.99,68.51,165.83,133.94,NA,NA,NA,-0.783,1.089,1.259,0.578,1.493,1.521,NA,NA,NA
"1346",13983,45.87,105.03,92.75,NA,NA,NA,NA,NA,NA,-0.513,1.005,1.245,NA,NA,NA,NA,NA,NA
"1347",13996,22.36,74.31,104.51,NA,NA,NA,NA,NA,NA,-1.805,0.462,1.423,NA,NA,NA,NA,NA,NA
"1348",13998,39.91,124.94,118.65,54.81,139.32,143.28,92,155.71,162.02,-0.727,1.222,1.651,-0.123,1.109,1.633,1.233,1.085,1.856
"1349",14005,79.98,168.49,136.75,NA,NA,NA,NA,NA,NA,0.83,1.869,2.007,NA,NA,NA,NA,NA,NA
"1350",14033,36.58,91.61,106.22,52.14,133.23,122.11,57.58,153.07,141.6,-0.886,0.86,1.473,-0.225,1.102,1.336,-0.287,1.058,1.391
"1351",14036,43.62,130.27,88.75,60.59,149.14,131.1,90.19,195.41,148.85,-0.57,1.36,1.139,0.206,1.302,1.451,1.127,1.665,1.53
"1352",14038,52.57,159.46,152.7,71.07,178.42,132.3,94.62,206.69,151.41,-0.208,1.772,2.373,0.789,1.644,1.56,1.399,2.161,1.583
"1353",14040,NA,NA,NA,NA,NA,NA,NA,NA,NA,NA,NA,NA,NA,NA,NA,NA,NA,NA
"1354",14054,NA,NA,NA,NA,NA,NA,NA,NA,NA,NA,NA,NA,NA,NA,NA,NA,NA,NA
"1355",14061,47.15,125.56,103.58,NA,NA,NA,NA,NA,NA,-0.404,1.251,1.4,NA,NA,NA,NA,NA,NA
"1356",14081,NA,NA,NA,NA,NA,NA,NA,NA,NA,NA,NA,NA,NA,NA,NA,NA,NA,NA
"1357",14082,NA,NA,NA,NA,NA,NA,NA,NA,NA,NA,NA,NA,NA,NA,NA,NA,NA,NA
"1358",14093,NA,NA,NA,NA,NA,NA,NA,NA,NA,NA,NA,NA,NA,NA,NA,NA,NA,NA
"1359",14099,59.1,153.56,139.3,70.71,181.01,146.38,94.63,182.43,162.24,0.029,1.636,2.047,0.692,1.707,1.828,1.399,1.413,1.863
"1360",14109,NA,NA,NA,NA,NA,NA,NA,NA,NA,NA,NA,NA,NA,NA,NA,NA,NA,NA
"1361",14135,39.06,88.09,96.01,46.55,104.44,122.06,NA,NA,NA,-0.753,0.789,1.261,-0.509,0.764,1.337,NA,NA,NA
"1362",14137,52.31,142.62,116.93,72.71,142.36,155.03,99.13,180.1,168.17,-0.226,1.5,1.61,0.793,1.192,2.115,1.737,1.378,2.125
"1363",14149,70.29,147.59,130.66,91.81,168.83,152.53,105.01,200.18,171.15,0.506,1.564,1.916,1.985,1.597,1.9,2.395,1.812,2.381
"1364",14160,41.3,133.35,77.25,67.31,155.69,104.57,88.61,156.18,125.3,-0.648,1.39,0.967,0.574,1.37,1.093,1.04,1.089,1.114
"1365",14170,48.35,105.96,104.62,68.87,148.49,136.63,NA,NA,NA,-0.377,1.064,1.421,0.664,1.286,1.562,NA,NA,NA
"1366",14178,32.05,105.7,99.33,47.71,125.78,117.76,87.14,169.28,141.44,-1.11,1.042,1.305,-0.433,0.998,1.354,0.962,1.236,1.388
"1367",14186,NA,NA,NA,NA,NA,NA,NA,NA,NA,NA,NA,NA,NA,NA,NA,NA,NA,NA
"1368",14203,75.03,180.32,143.71,90.66,193.8,158.88,107.9,201.72,170.17,0.769,2.057,2.128,1.949,2.001,2.109,2.996,1.873,2.276
"1369",14208,37.28,80.95,103.72,45.76,102.79,123.31,74.48,153.39,144.94,-0.875,0.621,1.405,-0.573,0.715,1.269,0.377,1.061,1.453
"1370",14221,71.01,177.59,142.3,88.96,192.6,159.05,107.9,207.59,168.45,0.516,2,2.103,1.813,1.939,2.141,2.996,2.242,2.142
"1371",14225,39.88,110.29,118.81,57.05,129.82,126.5,89.39,154.3,142.14,-0.719,1.076,1.645,0.053,1.087,1.411,1.082,1.07,1.401
"1372",14227,NA,NA,NA,NA,NA,NA,NA,NA,NA,NA,NA,NA,NA,NA,NA,NA,NA,NA
"1373",14251,55.55,166.54,111.5,72.89,165.88,138.22,80.94,173.75,151.42,-0.102,1.807,1.539,0.822,1.482,1.662,0.66,1.292,1.583
"1374",14261,55.63,141.73,64.32,NA,NA,NA,NA,NA,NA,-0.074,1.405,0.667,NA,NA,NA,NA,NA,NA
"1375",14264,76.64,179.34,138.87,88.92,202.09,159.81,NA,NA,NA,0.776,2.017,2.041,1.928,2.329,2.162,NA,NA,NA
"1376",14273,71.76,148.12,118.11,NA,NA,NA,NA,NA,NA,0.555,1.608,1.67,NA,NA,NA,NA,NA,NA
"1377",14277,37.64,92.16,88.72,49.3,125.14,125.47,92.06,193.31,161.48,-0.822,0.815,1.15,-0.358,0.98,1.368,1.237,1.614,1.838
"1378",14278,57.41,120.55,89.96,NA,NA,NA,NA,NA,NA,-0.023,1.196,1.177,NA,NA,NA,NA,NA,NA
"1379",14284,NA,NA,NA,NA,NA,NA,NA,NA,NA,NA,NA,NA,NA,NA,NA,NA,NA,NA
"1380",14296,40.43,130.73,109.36,63.24,160.59,133.87,88.44,177.79,155.14,-0.715,1.411,1.481,0.327,1.366,1.512,1.031,1.346,1.667
"1381",14306,46.77,105.6,84.38,63.57,135.54,117.39,NA,NA,NA,-0.434,1.032,1.054,0.343,1.086,1.209,NA,NA,NA
"1382",14315,27.78,95.43,75.86,69.6,164.95,135.39,79.41,181.23,137.81,-1.378,0.935,0.921,0.66,1.439,1.521,0.591,1.395,1.323
"1383",14321,26.97,101.54,66.3,41.85,106.4,85.54,44.91,112.94,99.7,-1.413,0.991,0.719,-0.768,0.79,0.718,-0.789,0.675,0.742
"1384",14328,NA,NA,NA,NA,NA,NA,NA,NA,NA,NA,NA,NA,NA,NA,NA,NA,NA,NA
"1385",14351,71.16,164.07,133.35,69.58,176.8,142.77,103.49,182.2,158.72,0.527,1.794,1.886,0.65,1.62,1.745,2.183,1.409,1.757
"1386",14354,NA,NA,NA,NA,NA,NA,NA,NA,NA,NA,NA,NA,NA,NA,NA,NA,NA,NA
"1387",14363,24.11,101.94,71.51,26.06,105.41,93.03,46.48,107.57,107.59,-1.639,0.993,0.807,-1.873,0.752,0.963,-0.724,0.621,0.85
"1388",14371,34.53,103.95,106.09,NA,NA,NA,NA,NA,NA,-0.976,0.982,1.435,NA,NA,NA,NA,NA,NA
"1389",14372,NA,NA,NA,NA,NA,NA,NA,NA,NA,NA,NA,NA,NA,NA,NA,NA,NA,NA
"1390",14394,23.18,79.21,84.34,42.4,125.46,120.8,76.43,131.75,116.69,-1.739,0.636,1.035,-0.755,1.006,1.317,0.46,0.853,0.982
"1391",14395,49.52,98.44,88.16,NA,NA,NA,NA,NA,NA,-0.303,0.928,1.118,NA,NA,NA,NA,NA,NA
"1392",14407,45.1,125.14,77.08,63.02,163.72,117.03,NA,NA,NA,-0.507,1.218,0.959,0.294,1.399,1.24,NA,NA,NA
"1393",14419,38.55,87.63,75,71.74,136.11,115.59,60.83,125.6,116.06,-0.797,0.776,0.903,0.765,1.096,1.179,-0.163,0.796,0.972
"1394",14426,38.63,125.84,105.92,69.3,148.62,122.68,86.53,174.42,144.58,-0.79,1.242,1.458,0.605,1.278,1.353,0.93,1.3,1.446
"1395",14434,45.99,142.48,91.89,NA,NA,NA,NA,NA,NA,-0.46,1.515,1.221,NA,NA,NA,NA,NA,NA
"1396",14436,29.8,105.37,92.6,44.86,126.97,105.74,NA,NA,NA,-1.241,1.036,1.229,-0.587,1.045,1.011,NA,NA,NA
"1397",14437,46,125.91,103.05,67.23,147.72,119.8,69.21,164.3,144.19,-0.468,1.245,1.394,0.521,1.236,1.289,0.162,1.178,1.439
"1398",14457,35.15,70.48,55.27,41.7,89.31,85.06,NA,NA,NA,-0.946,0.417,0.414,-0.774,0.57,0.71,NA,NA,NA
"1399",14465,NA,NA,NA,NA,NA,NA,NA,NA,NA,NA,NA,NA,NA,NA,NA,NA,NA,NA
"1400",14488,54.58,147.16,122.82,77.09,166.63,150.24,90.41,176.98,161.7,-0.13,1.588,1.779,1.112,1.545,1.912,1.14,1.334,1.845
"1401",14509,31.41,101.97,103.87,61.73,113.5,117.26,71.28,114.98,114.46,-1.151,0.952,1.389,0.263,0.895,1.21,0.246,0.695,0.949
"1402",14510,21.18,81.41,104.64,38.4,93.92,124.73,69.48,93.22,132.38,-1.915,0.695,1.428,-0.974,0.585,1.289,0.173,0.459,1.23
"1403",14514,NA,NA,NA,NA,NA,NA,NA,NA,NA,NA,NA,NA,NA,NA,NA,NA,NA,NA
"1404",14517,40.88,128.26,109.94,80.03,154.7,161.3,99.98,173.65,160.33,-0.68,1.398,1.508,1.248,1.32,2.269,1.811,1.29,1.803
"1405",14539,NA,NA,NA,NA,NA,NA,NA,NA,NA,NA,NA,NA,NA,NA,NA,NA,NA,NA
"1406",14554,46.63,105.99,74.46,45.5,107.19,118.29,73.02,148.33,140.16,-0.441,1.052,0.878,-0.596,0.827,1.245,0.317,1.01,1.365
"1407",14570,53.73,126.18,89.86,61.49,147.88,117.44,81.43,146.25,127.05,-0.138,1.277,1.176,0.252,1.217,1.219,0.682,0.99,1.142
"1408",14571,44.61,109.11,85.33,NA,NA,NA,NA,NA,NA,-0.528,1.163,1.06,NA,NA,NA,NA,NA,NA
"1409",14580,48.46,99.71,99.04,NA,NA,NA,NA,NA,NA,-0.368,0.938,1.316,NA,NA,NA,NA,NA,NA
"1410",14590,NA,NA,NA,NA,NA,NA,NA,NA,NA,NA,NA,NA,NA,NA,NA,NA,NA,NA
"1411",14597,NA,NA,NA,NA,NA,NA,NA,NA,NA,NA,NA,NA,NA,NA,NA,NA,NA,NA
"1412",14598,NA,NA,NA,NA,NA,NA,NA,NA,NA,NA,NA,NA,NA,NA,NA,NA,NA,NA
"1413",14603,49.65,145.59,114.23,NA,NA,NA,NA,NA,NA,-0.31,1.565,1.56,NA,NA,NA,NA,NA,NA
"1414",14604,NA,NA,NA,NA,NA,NA,NA,NA,NA,NA,NA,NA,NA,NA,NA,NA,NA,NA
"1415",14633,52.97,138.87,118.53,73.48,146.4,143.28,63.34,157.19,161.17,-0.202,1.439,1.643,0.863,1.212,1.719,-0.067,1.1,1.828
"1416",14639,43.68,106.71,76.32,42.23,111.99,115.53,NA,NA,NA,-0.584,1.086,0.946,-0.743,0.839,1.177,NA,NA,NA
"1417",14649,68.87,168.11,101.69,72.05,167.27,108.8,99.1,198.51,143.85,0.417,1.839,1.346,0.797,1.484,1.067,1.734,1.755,1.432
"1418",14666,NA,NA,NA,NA,NA,NA,NA,NA,NA,NA,NA,NA,NA,NA,NA,NA,NA,NA
"1419",14679,77.7,183.63,120.23,84.89,198.43,158.88,104.96,204.71,159.99,0.752,2.192,1.672,1.59,2.148,2.147,2.387,2.022,1.793
"1420",14683,84.16,193.3,124.46,90.87,193.05,153.64,107.02,206.94,159.95,1.036,2.27,1.751,2.072,2.088,1.962,2.769,2.182,1.792
"1421",14689,NA,NA,NA,NA,NA,NA,NA,NA,NA,NA,NA,NA,NA,NA,NA,NA,NA,NA
"1422",14691,NA,NA,NA,NA,NA,NA,NA,NA,NA,NA,NA,NA,NA,NA,NA,NA,NA,NA
"1423",14698,NA,NA,NA,NA,NA,NA,NA,NA,NA,NA,NA,NA,NA,NA,NA,NA,NA,NA
"1424",14700,51.17,128.48,97.75,64.95,141.47,128.71,86.99,184.46,165.36,-0.246,1.378,1.285,0.397,1.137,1.383,0.954,1.445,1.98
"1425",14709,49.24,109.04,101.45,58.74,164.96,143.77,85.97,198.56,142.18,-0.344,1.14,1.338,0.108,1.416,1.713,0.902,1.756,1.401
"1426",14717,56.27,123.95,114.53,65.08,126.58,140.39,NA,NA,NA,-0.076,1.222,1.566,0.45,0.995,1.635,NA,NA,NA
"1427",14718,42.37,99.67,78.52,43.84,124.18,113.72,NA,NA,NA,-0.618,0.951,0.983,-0.643,0.985,1.149,NA,NA,NA
"1428",14721,NA,NA,NA,NA,NA,NA,NA,NA,NA,NA,NA,NA,NA,NA,NA,NA,NA,NA
"1429",14726,NA,NA,NA,NA,NA,NA,NA,NA,NA,NA,NA,NA,NA,NA,NA,NA,NA,NA
"1430",14735,NA,NA,NA,NA,NA,NA,NA,NA,NA,NA,NA,NA,NA,NA,NA,NA,NA,NA
"1431",14737,25.35,99.26,85.03,39.13,129.68,118.98,71.28,128.43,134.09,-1.525,0.984,1.075,-0.938,1.064,1.274,0.245,0.823,1.259
"1432",14738,54.94,118.7,82.42,NA,NA,NA,NA,NA,NA,-0.118,1.188,1.034,NA,NA,NA,NA,NA,NA
"1433",14745,63.23,147.47,120.82,77.45,148.69,144.1,NA,NA,NA,0.216,1.519,1.736,1.066,1.29,1.781,NA,NA,NA
"1434",14751,NA,NA,NA,NA,NA,NA,NA,NA,NA,NA,NA,NA,NA,NA,NA,NA,NA,NA
"1435",14757,28.98,112.46,77.66,43.93,126.81,113.63,55.58,95.97,114.77,-1.277,1.161,0.969,-0.676,1.029,1.142,-0.364,0.493,0.953
"1436",14765,20.38,76.26,73.06,NA,NA,NA,NA,NA,NA,-2.017,0.544,0.84,NA,NA,NA,NA,NA,NA
"1437",14774,NA,NA,NA,NA,NA,NA,NA,NA,NA,NA,NA,NA,NA,NA,NA,NA,NA,NA
"1438",14775,24.64,NA,61.92,36.79,64.69,63.08,51.4,93.87,91.97,-1.603,NA,0.595,-1.077,0.048,0.355,-0.526,0.467,0.637
"1439",14793,NA,NA,NA,NA,NA,NA,NA,NA,NA,NA,NA,NA,NA,NA,NA,NA,NA,NA
"1440",14835,50.16,126.63,91.16,41.88,147.94,118.96,87.54,180.66,160.03,-0.324,1.336,1.221,-0.76,1.218,1.273,0.983,1.386,1.794
"1441",14837,NA,NA,NA,NA,NA,NA,NA,NA,NA,NA,NA,NA,NA,NA,NA,NA,NA,NA
"1442",14840,62.71,107.26,102.03,83.13,181.66,132.9,103.9,197.92,149.52,0.19,1.097,1.365,1.497,1.688,1.481,2.236,1.736,1.544
"1443",14850,69.72,145.36,144.98,72.24,166.1,158.18,99.11,197.08,166.76,0.468,1.451,2.224,0.836,1.491,2.114,1.735,1.711,2.045
"1444",14863,82.42,165.29,149.43,78.34,189.66,163.08,101.57,203.93,168.79,1.004,1.781,2.314,1.11,1.928,2.37,1.965,1.978,2.165
"1445",14885,NA,NA,NA,NA,NA,NA,NA,NA,NA,NA,NA,NA,NA,NA,NA,NA,NA,NA
"1446",14887,61.12,105.53,88.06,78.93,127.79,131.12,62.09,126.98,136.85,0.055,1.025,1.123,1.17,1.005,1.524,-0.115,0.809,1.306
"1447",14904,71.55,174.53,130.47,70.56,180.02,158.49,NA,NA,NA,0.553,1.861,1.898,0.711,1.674,2.099,NA,NA,NA
"1448",14908,63.67,138.89,130.12,77.21,166.36,151.6,90.07,179.05,161.98,0.228,1.441,1.875,1.041,1.457,1.976,1.12,1.363,1.854
"1449",14919,NA,NA,NA,NA,NA,NA,NA,NA,NA,NA,NA,NA,NA,NA,NA,NA,NA,NA
"1450",14933,53.51,146.82,75.68,60.97,146.41,99.25,70.81,155.52,115.21,-0.186,1.526,0.918,0.194,1.199,0.974,0.226,1.083,0.96
"1451",14939,NA,NA,NA,NA,NA,NA,NA,NA,NA,NA,NA,NA,NA,NA,NA,NA,NA,NA
"1452",14961,63.52,169.17,113.8,79,181.08,149.27,NA,NA,NA,0.199,1.867,1.581,1.195,1.721,1.789,NA,NA,NA
"1453",14965,59.79,173.48,123.82,71.2,181.08,144.65,91.49,200.94,167.81,0.054,1.913,1.746,0.754,1.712,1.784,1.203,1.841,2.103
"1454",14977,59.16,125.83,123.05,56.01,149.25,140.96,NA,NA,NA,0.028,1.234,1.754,-0.041,1.297,1.66,NA,NA,NA
"1455",14985,NA,NA,NA,NA,NA,NA,NA,NA,NA,NA,NA,NA,NA,NA,NA,NA,NA,NA
"1456",14996,68.34,146.1,117.53,81.37,161.86,130.78,94.53,171.07,148.37,0.448,1.546,1.612,1.331,1.412,1.51,1.392,1.258,1.52
"1457",15011,73.92,165.25,140.58,83.09,168.58,151.86,97.55,197.21,171.39,0.6,1.866,2.071,1.406,1.518,1.989,1.609,1.715,2.413
"1458",15017,59.23,143.35,99.92,68.02,175.56,121.3,84.73,174.36,142.06,0.027,1.422,1.32,0.602,1.612,1.336,0.84,1.3,1.399
"1459",15043,NA,NA,NA,NA,NA,NA,NA,NA,NA,NA,NA,NA,NA,NA,NA,NA,NA,NA
"1460",15050,48.51,126.75,89.82,44.49,126.82,120.25,82.74,162.47,139.51,-0.348,1.294,1.188,-0.611,1.041,1.307,0.744,1.157,1.353
"1461",15063,47.37,92.52,75.7,66.43,120.42,117.08,NA,NA,NA,-0.408,0.877,0.916,0.502,0.915,1.2,NA,NA,NA
"1462",15089,NA,NA,NA,NA,NA,NA,NA,NA,NA,NA,NA,NA,NA,NA,NA,NA,NA,NA
"1463",15115,42.3,105.31,103.74,61.42,131.45,128.22,71.4,144.78,151.83,-0.599,1.016,1.4,0.255,1.111,1.437,0.25,0.976,1.592
"1464",15124,NA,NA,NA,NA,NA,NA,NA,NA,NA,NA,NA,NA,NA,NA,NA,NA,NA,NA
"1465",15158,NA,NA,NA,NA,NA,NA,NA,NA,NA,NA,NA,NA,NA,NA,NA,NA,NA,NA
"1466",15164,NA,NA,NA,NA,NA,NA,NA,NA,NA,NA,NA,NA,NA,NA,NA,NA,NA,NA
"1467",15172,NA,NA,NA,NA,NA,NA,NA,NA,NA,NA,NA,NA,NA,NA,NA,NA,NA,NA
"1468",15175,49.14,107.5,92.58,72.22,147.05,118.08,90.53,192.3,130.34,-0.349,1.144,1.226,0.807,1.215,1.247,1.147,1.591,1.196
"1469",15179,NA,NA,NA,NA,NA,NA,NA,NA,NA,NA,NA,NA,NA,NA,NA,NA,NA,NA
"1470",15185,38.62,69.78,81.57,68.05,133.96,109.44,NA,NA,NA,-0.813,0.437,1.027,0.584,1.057,1.074,NA,NA,NA
"1471",15203,NA,NA,NA,NA,NA,NA,NA,NA,NA,NA,NA,NA,NA,NA,NA,NA,NA,NA
"1472",15240,64.01,124.58,122.69,NA,NA,NA,NA,NA,NA,0.225,1.27,1.787,NA,NA,NA,NA,NA,NA
"1473",15243,28.91,98.85,76.01,57.67,125.81,106.58,67.55,180.23,111.17,-1.29,0.919,0.926,0.07,1.002,1.033,0.097,1.38,0.901
"1474",15245,32.09,88.06,64.89,NA,NA,NA,NA,NA,NA,-1.112,0.785,0.685,NA,NA,NA,NA,NA,NA
"1475",15246,34.95,59.26,60.29,40.12,86.64,69.36,NA,NA,NA,-1.014,0.111,0.553,-0.879,0.478,0.489,NA,NA,NA
"1476",15261,75.02,113.93,101.26,73.25,146.31,140.95,92.76,146.68,157.17,0.697,1.177,1.333,0.879,1.21,1.664,1.279,0.994,1.717
"1477",15263,73,127.37,128.03,85.62,167.38,162.45,95.77,180.49,154.05,0.642,1.401,1.843,1.553,1.488,2.358,1.477,1.384,1.642
"1478",15265,67.13,156.15,116.64,84.44,147.65,131.47,93.74,184.82,141.65,0.359,1.685,1.597,1.527,1.242,1.544,1.341,1.451,1.392
"1479",15266,57.92,149.56,107.46,77.29,178.04,158.34,95.63,203.9,143.06,-0.027,1.613,1.463,1.044,1.582,2.114,1.468,1.977,1.418
"1480",15268,NA,NA,NA,NA,NA,NA,NA,NA,NA,NA,NA,NA,NA,NA,NA,NA,NA,NA
"1481",15284,48.16,146.41,110.26,60.33,142.66,124.67,NA,NA,NA,-0.374,1.568,1.498,0.178,1.187,1.385,NA,NA,NA
"1482",15293,57.91,125.62,130.35,61.65,150.14,118.53,83.61,172.97,148.39,-0.013,1.245,1.878,0.227,1.317,1.25,0.785,1.282,1.521
"1483",15305,NA,NA,NA,NA,NA,NA,NA,NA,NA,NA,NA,NA,NA,NA,NA,NA,NA,NA
"1484",15307,32.06,103.88,51.07,44.05,106.12,75.91,41.85,116.65,82.88,-1.121,0.988,0.275,-0.674,0.804,0.535,-0.92,0.711,0.51
"1485",15326,44.53,68.81,54.97,55.44,94.2,69.38,NA,NA,NA,-0.537,0.389,0.405,-0.069,0.611,0.503,NA,NA,NA
"1486",15330,58.68,131.3,123.53,73.34,169.61,131.04,86.06,193.07,154.54,0.027,1.385,1.784,0.821,1.6,1.445,0.906,1.608,1.653
"1487",15331,NA,NA,NA,NA,NA,NA,NA,NA,NA,NA,NA,NA,NA,NA,NA,NA,NA,NA
"1488",15344,NA,NA,NA,NA,NA,NA,NA,NA,NA,NA,NA,NA,NA,NA,NA,NA,NA,NA
"1489",15346,22.04,77.76,61.17,NA,NA,NA,NA,NA,NA,-1.828,0.628,0.575,NA,NA,NA,NA,NA,NA
"1490",15348,33.91,104.98,94.88,46.37,135.33,124.77,81.03,175.16,148.01,-1.029,0.997,1.262,-0.528,1.146,1.378,0.664,1.31,1.513
"1491",15350,29.58,102.3,61.12,38.03,99.72,74.68,68.53,129.5,109.45,-1.252,0.974,0.578,-0.988,0.678,0.614,0.135,0.833,0.876
"1492",15361,63.29,179.33,137.89,73.67,176.84,120.83,97.55,190.9,158.74,0.185,2.006,2.013,0.878,1.618,1.299,1.609,1.561,1.758
"1493",15364,NA,NA,NA,NA,NA,NA,NA,NA,NA,NA,NA,NA,NA,NA,NA,NA,NA,NA
"1494",15378,33.37,124.69,72.55,56.48,147.46,100.87,NA,NA,NA,-1.04,1.209,0.833,-0.049,1.236,0.988,NA,NA,NA
"1495",15386,42.79,108.49,70.29,50.65,115.09,89.73,74.57,141.99,116.99,-0.584,1.149,0.793,-0.312,0.864,0.816,0.381,0.949,0.986
"1496",15417,NA,NA,NA,NA,NA,NA,NA,NA,NA,NA,NA,NA,NA,NA,NA,NA,NA,NA
"1497",15424,NA,NA,NA,NA,NA,NA,NA,NA,NA,NA,NA,NA,NA,NA,NA,NA,NA,NA
"1498",15441,45.23,128,89.76,46.19,143.19,122.9,66.35,133.17,128.55,-0.472,1.249,1.187,-0.538,1.179,1.346,0.05,0.867,1.167
"1499",15467,45.67,121.51,85,NA,NA,NA,NA,NA,NA,-0.475,1.194,1.068,NA,NA,NA,NA,NA,NA
"1500",15476,58.87,144.15,130.32,72.05,163.45,164.72,NA,NA,NA,0.025,1.43,1.891,0.847,1.427,2.278,NA,NA,NA
"1501",15477,57.73,125.17,112.82,76.69,154.83,129.43,93.81,186.4,152.62,-0.025,1.232,1.55,1.015,1.32,1.401,1.346,1.477,1.609
"1502",15482,20.94,85.59,70.09,29.4,100.63,78.5,49.58,97.02,98.03,-1.981,0.739,0.79,-1.575,0.682,0.593,-0.598,0.505,0.719
"1503",15483,31.05,89.43,63.59,NA,NA,NA,NA,NA,NA,-1.188,0.803,0.642,NA,NA,NA,NA,NA,NA
"1504",15494,42.37,77.36,62.51,52.31,126.52,75.51,NA,NA,NA,-0.639,0.578,0.611,-0.219,1.021,0.633,NA,NA,NA
"1505",15534,60.86,145.84,124.62,NA,NA,NA,NA,NA,NA,0.124,1.508,1.755,NA,NA,NA,NA,NA,NA
"1506",15538,NA,NA,NA,NA,NA,NA,NA,NA,NA,NA,NA,NA,NA,NA,NA,NA,NA,NA
"1507",15548,NA,NA,NA,NA,NA,NA,NA,NA,NA,NA,NA,NA,NA,NA,NA,NA,NA,NA
"1508",15565,47.46,145.22,88.55,66.61,146.69,104.51,93.56,174.81,162.76,-0.417,1.456,1.132,0.545,1.199,1.081,1.329,1.305,1.88
"1509",15566,62.77,167.38,123.53,80.68,180.31,143,NA,NA,NA,0.205,1.8,1.744,1.231,1.721,1.821,NA,NA,NA
"1510",15569,85.26,181.47,146.81,91.52,198.36,157.41,107.9,201.29,172.2,1.231,1.994,2.245,1.98,2.158,2.22,2.996,1.855,2.545
"1511",15577,62.55,155.41,99.1,78.86,172.26,123.89,NA,NA,NA,0.157,1.68,1.291,1.243,1.567,1.356,NA,NA,NA
"1512",15587,NA,NA,NA,71.56,161.29,124.96,73.73,120.79,115,NA,NA,NA,0.769,1.412,1.39,0.346,0.751,0.956
"1513",15596,67.18,147.32,136.26,70.27,179.75,164.67,97.58,183.86,167.71,0.376,1.575,2.016,0.715,1.658,2.304,1.611,1.435,2.097
"1514",15597,55.32,105.86,110.04,NA,NA,NA,NA,NA,NA,-0.082,1.055,1.537,NA,NA,NA,NA,NA,NA
"1515",15598,NA,NA,NA,NA,NA,NA,92.77,191.44,157.67,NA,NA,NA,NA,NA,NA,1.28,1.573,1.73
"1516",15601,NA,NA,NA,NA,NA,NA,NA,NA,NA,NA,NA,NA,NA,NA,NA,NA,NA,NA
"1517",15609,53.2,145.16,119.74,56.71,143.79,130.47,70.57,141.55,151.88,-0.173,1.445,1.676,-0.002,1.129,1.492,0.217,0.945,1.593
"1518",15616,48.27,129.74,115.98,71.27,145.78,135.47,NA,NA,NA,-0.36,1.383,1.604,0.762,1.204,1.62,NA,NA,NA
"1519",15638,56.91,127.43,104.32,57.51,147,125.37,NA,NA,NA,-0.056,1.363,1.407,0.081,1.219,1.397,NA,NA,NA
"1520",15664,58.11,178.88,123.81,82.25,180.98,136.02,95.88,195.53,151.45,0.018,2.072,1.718,1.305,1.713,1.636,1.485,1.669,1.584
"1521",15665,57.79,138.46,102.63,69.62,179.81,142.73,NA,NA,NA,0.001,1.415,1.365,0.632,1.654,1.635,NA,NA,NA
"1522",15675,81.24,188.27,144.06,90.18,202.22,161.18,103.71,200.47,167.48,1.013,2.287,2.12,1.871,2.313,2.292,2.211,1.823,2.084
"1523",15690,61.7,155.24,116.58,66.19,167.22,152.41,89.15,184.15,160.11,0.131,1.673,1.608,0.528,1.58,1.906,1.069,1.44,1.796
"1524",15696,42.44,128.03,87.53,53.66,164.18,115.68,89.85,193.32,141.27,-0.632,1.382,1.108,-0.158,1.434,1.188,1.108,1.614,1.385
"1525",15730,60.09,141.24,65.8,81.92,171.71,99.95,76.33,185.16,131.35,0.08,1.441,0.707,1.348,1.59,0.976,0.456,1.456,1.213
"1526",15733,NA,NA,NA,NA,NA,NA,82.36,172.24,137.89,NA,NA,NA,NA,NA,NA,0.726,1.272,1.324
"1527",15744,77.62,166.53,150.75,NA,NA,NA,NA,NA,NA,0.839,1.814,2.389,NA,NA,NA,NA,NA,NA
"1528",15748,NA,NA,NA,NA,NA,NA,NA,NA,NA,NA,NA,NA,NA,NA,NA,NA,NA,NA
"1529",15755,82.46,126.68,125.87,86.16,166.27,161.8,104.5,185.68,169.03,0.95,1.307,1.775,1.603,1.496,2.135,2.319,1.465,2.182
"1530",15763,NA,NA,NA,NA,NA,NA,NA,NA,NA,NA,NA,NA,NA,NA,NA,NA,NA,NA
"1531",15764,NA,NA,NA,NA,NA,NA,NA,NA,NA,NA,NA,NA,NA,NA,NA,NA,NA,NA
"1532",15767,42.21,137.87,79.37,52.92,162.11,101.78,68.33,170.98,133.75,-0.663,1.478,0.999,-0.218,1.383,1.003,0.127,1.257,1.253
"1533",15769,NA,NA,NA,NA,NA,NA,NA,NA,NA,NA,NA,NA,NA,NA,NA,NA,NA,NA
"1534",15770,NA,NA,NA,NA,NA,NA,NA,NA,NA,NA,NA,NA,NA,NA,NA,NA,NA,NA
"1535",15773,NA,NA,NA,NA,NA,NA,NA,NA,NA,NA,NA,NA,NA,NA,NA,NA,NA,NA
"1536",15776,NA,NA,NA,NA,NA,NA,NA,NA,NA,NA,NA,NA,NA,NA,NA,NA,NA,NA
"1537",15786,NA,NA,NA,NA,NA,NA,NA,NA,NA,NA,NA,NA,NA,NA,NA,NA,NA,NA
"1538",15792,NA,NA,NA,NA,NA,NA,NA,NA,NA,NA,NA,NA,NA,NA,NA,NA,NA,NA
"1539",15803,41.1,117.84,80.08,NA,NA,NA,NA,NA,NA,-0.678,1.179,1.002,NA,NA,NA,NA,NA,NA
"1540",15804,70.73,155.01,106.84,75.31,188.6,152.21,NA,NA,NA,0.517,1.672,1.485,0.95,1.837,1.905,NA,NA,NA
"1541",15810,72.47,149.29,139.71,86.01,189.05,151.13,103.36,189.28,155.36,0.634,1.631,2.074,1.605,1.805,1.842,2.167,1.529,1.672
"1542",15832,49.9,99.02,87.81,72.47,126.4,103.03,93.85,149.31,161.53,-0.309,0.941,1.112,0.871,1.024,0.94,1.348,1.02,1.84
"1543",15856,NA,NA,NA,NA,NA,NA,NA,NA,NA,NA,NA,NA,NA,NA,NA,NA,NA,NA
"1544",15857,NA,NA,NA,NA,NA,NA,NA,NA,NA,NA,NA,NA,NA,NA,NA,NA,NA,NA
"1545",15904,NA,NA,NA,NA,NA,NA,NA,NA,NA,NA,NA,NA,NA,NA,NA,NA,NA,NA
"1546",15909,33.46,112.21,104.61,NA,NA,NA,NA,NA,NA,-1.038,1.157,1.422,NA,NA,NA,NA,NA,NA
"1547",15911,21.82,56.45,39.7,28.01,81.67,56.05,37.56,97.78,73.05,-1.973,0.027,-0.173,-1.696,0.4,0.165,-1.115,0.514,0.357
"1548",15925,24.45,79.3,99.62,29.15,119.48,109.84,43.97,124.5,116.42,-1.611,0.598,1.311,-1.622,0.891,1.075,-0.829,0.786,0.978
"1549",15928,NA,NA,NA,NA,NA,NA,NA,NA,NA,NA,NA,NA,NA,NA,NA,NA,NA,NA
"1550",15937,62.42,145.52,143.31,NA,NA,NA,NA,NA,NA,0.179,1.438,2.14,NA,NA,NA,NA,NA,NA
"1551",15950,40.45,128.34,103.93,50.41,127.16,133.1,NA,NA,NA,-0.704,1.254,1.386,-0.305,1.038,1.563,NA,NA,NA
"1552",15951,31.64,121.51,100.98,39.37,147.69,75.87,NA,NA,NA,-1.164,1.192,1.334,-0.909,1.27,0.648,NA,NA,NA
"1553",15957,NA,NA,NA,NA,NA,NA,NA,NA,NA,NA,NA,NA,NA,NA,NA,NA,NA,NA
"1554",15962,30.91,93.19,81.58,38.56,130.72,126.39,66.21,130.69,117.91,-1.175,0.877,1.029,-0.97,1.063,1.391,0.044,0.844,1
"1555",15970,NA,NA,NA,NA,NA,NA,NA,NA,NA,NA,NA,NA,NA,NA,NA,NA,NA,NA
"1556",15974,NA,NA,NA,NA,NA,NA,NA,NA,NA,NA,NA,NA,NA,NA,NA,NA,NA,NA
"1557",15980,NA,NA,NA,NA,NA,NA,NA,NA,NA,NA,NA,NA,NA,NA,NA,NA,NA,NA
"1558",15983,NA,NA,NA,NA,NA,NA,NA,NA,NA,NA,NA,NA,NA,NA,NA,NA,NA,NA
"1559",15991,NA,NA,NA,NA,NA,NA,NA,NA,NA,NA,NA,NA,NA,NA,NA,NA,NA,NA
"1560",16007,55.79,143.26,123.14,56.56,153.07,160.43,90.7,160.5,166.11,-0.062,1.428,1.712,0.003,1.358,2.23,1.156,1.135,2.014
"1561",16008,65.98,175.6,141.98,78.72,181.64,162.5,97.63,195.83,163.49,0.385,1.936,2.101,1.162,1.769,2.327,1.615,1.677,1.906
"1562",16028,NA,NA,NA,NA,NA,NA,NA,NA,NA,NA,NA,NA,NA,NA,NA,NA,NA,NA
"1563",16031,34.18,113.33,82.93,31.72,134.83,110.71,NA,NA,NA,-1.007,1.163,1.039,-1.427,1.117,1.138,NA,NA,NA
"1564",16062,82.59,179.64,156.56,90.17,189.96,160.2,88.66,168.59,160.43,0.984,2.026,2.514,1.845,1.887,2.201,1.043,1.228,1.806
"1565",16068,NA,NA,NA,NA,NA,NA,NA,NA,NA,NA,NA,NA,NA,NA,NA,NA,NA,NA
"1566",16070,23.39,104.98,52.22,59.32,126.05,82.16,NA,NA,NA,-1.689,0.957,0.31,0.081,1.003,0.746,NA,NA,NA
"1567",16072,44.87,143.36,100.86,60.99,168.33,131.91,86.35,175.18,143.89,-0.533,1.402,1.346,0.197,1.561,1.473,0.921,1.31,1.433
"1568",16078,NA,NA,NA,NA,NA,NA,NA,NA,NA,NA,NA,NA,NA,NA,NA,NA,NA,NA
"1569",16132,25.82,102.97,65.9,35.39,109.11,81.67,NA,NA,NA,-1.515,1.005,0.714,-1.156,0.818,0.649,NA,NA,NA
"1570",16137,NA,NA,NA,NA,NA,NA,NA,NA,NA,NA,NA,NA,NA,NA,NA,NA,NA,NA
"1571",16138,21.49,70.45,50.68,24.54,87.65,50.88,42.83,92.9,80.39,-1.872,0.419,0.264,-2.023,0.517,0,-0.877,0.455,0.473
"1572",16154,34.63,102.51,77.81,39.41,107.81,100.94,60.48,139.74,100.74,-0.968,0.979,0.973,-0.891,0.805,0.882,-0.176,0.928,0.756
"1573",16155,NA,NA,NA,NA,NA,NA,NA,NA,NA,NA,NA,NA,NA,NA,NA,NA,NA,NA
"1574",16156,52.88,167.68,88.95,79.93,184.11,138.21,92.02,195.01,147.36,-0.215,1.781,1.161,1.192,1.796,1.58,1.234,1.655,1.5
"1575",16166,28.43,71.95,56.29,39.57,105.29,88.82,63.08,120.46,133.1,-1.319,0.48,0.443,-0.914,0.747,0.798,-0.077,0.748,1.242
"1576",16170,43.55,125.74,101.23,56.94,153.29,118.75,80.95,190.34,144.84,-0.583,1.289,1.35,-0.021,1.346,1.258,0.661,1.55,1.451
"1577",16184,18.37,79.79,44.03,26.53,78.18,55.99,47.33,123.63,83.11,-2.353,0.606,0.013,-1.816,0.363,0.168,-0.689,0.778,0.513
"1578",16192,24.92,107.51,82.82,NA,NA,NA,NA,NA,NA,-1.574,1.098,1.038,NA,NA,NA,NA,NA,NA
"1579",16231,NA,NA,NA,NA,NA,NA,NA,NA,NA,NA,NA,NA,NA,NA,NA,NA,NA,NA
"1580",16233,NA,NA,NA,NA,NA,NA,NA,NA,NA,NA,NA,NA,NA,NA,NA,NA,NA,NA
"1581",16240,NA,NA,NA,NA,NA,NA,NA,NA,NA,NA,NA,NA,NA,NA,NA,NA,NA,NA
"1582",16254,21.34,81.34,56.39,24.98,90.99,104.51,48.08,107.4,99.53,-1.897,0.676,0.449,-2.04,0.599,0.965,-0.659,0.619,0.739
"1583",16281,33.29,88.76,90.02,40.4,106.81,109.61,NA,NA,NA,-1.044,0.799,1.196,-0.866,0.79,1.079,NA,NA,NA
"1584",16308,58.38,166,116.33,72.61,163.18,138,95.64,183.44,151.55,0.016,1.721,1.591,0.833,1.424,1.663,1.469,1.428,1.586
"1585",16315,56.78,90.01,117.82,68.08,131.12,151.24,NA,NA,NA,-0.04,0.831,1.61,0.594,1.081,1.84,NA,NA,NA
"1586",16328,NA,NA,NA,NA,NA,NA,NA,NA,NA,NA,NA,NA,NA,NA,NA,NA,NA,NA
"1587",16332,NA,NA,NA,NA,NA,NA,NA,NA,NA,NA,NA,NA,NA,NA,NA,NA,NA,NA
"1588",16333,74.61,175.09,132.12,77.71,185.22,138.22,107.9,195.3,159.97,0.667,1.801,1.855,1.113,1.788,1.57,2.996,1.663,1.792
"1589",16336,38.79,93.7,76.94,51.77,125.39,107.61,NA,NA,NA,-0.79,0.871,0.953,-0.244,0.99,1.159,NA,NA,NA
"1590",16343,52.77,127.68,107.33,59.64,164.95,127.67,68.54,172.5,135.68,-0.235,1.323,1.471,0.147,1.456,1.41,0.136,1.276,1.286
"1591",16371,NA,NA,NA,NA,NA,NA,74.45,158.5,116.87,NA,NA,NA,NA,NA,NA,0.376,1.114,0.984
"1592",16375,36.05,111.89,104.58,51.95,90.02,121.44,NA,NA,NA,-0.896,1.089,1.424,-0.25,0.579,1.321,NA,NA,NA
"1593",16379,NA,NA,NA,NA,NA,NA,NA,NA,NA,NA,NA,NA,NA,NA,NA,NA,NA,NA
"1594",16431,NA,NA,NA,NA,NA,NA,NA,NA,NA,NA,NA,NA,NA,NA,NA,NA,NA,NA
"1595",16438,35.05,112.9,74.43,NA,NA,NA,NA,NA,NA,-0.954,1.165,0.885,NA,NA,NA,NA,NA,NA
"1596",16441,39.4,125.9,104.41,53.23,142.42,115.96,74.91,162.9,142.28,-0.741,1.235,1.413,-0.153,1.188,1.185,0.395,1.162,1.403
"1597",16454,NA,NA,NA,NA,NA,NA,NA,NA,NA,NA,NA,NA,NA,NA,NA,NA,NA,NA
"1598",16457,59.98,132.37,79.62,82.26,147.26,101.7,NA,NA,NA,0.072,1.29,0.999,1.326,1.227,1.003,NA,NA,NA
"1599",16461,59.19,142.66,130.47,78.21,174.96,130.35,100.04,201.64,167.48,0.038,1.513,1.895,1.127,1.599,1.527,1.817,1.869,2.084
"1600",16467,46.75,126.55,76.82,75.16,131.98,102.54,80.01,149.28,134.76,-0.437,1.272,0.957,1.01,1.091,1.016,0.618,1.02,1.27
"1601",16477,NA,NA,NA,NA,NA,NA,NA,NA,NA,NA,NA,NA,NA,NA,NA,NA,NA,NA
"1602",16482,NA,NA,NA,NA,NA,NA,NA,NA,NA,NA,NA,NA,NA,NA,NA,NA,NA,NA
"1603",16542,52.21,145.42,72.06,70.5,154.91,117.19,94.1,187.94,141.05,-0.221,1.465,0.821,0.689,1.364,1.211,1.364,1.504,1.381
"1604",16548,60.39,148.97,108.52,81.57,171.18,138.11,88.93,189.22,157.96,0.086,1.594,1.504,1.35,1.547,1.58,1.057,1.528,1.737
"1605",16551,NA,NA,NA,NA,NA,NA,NA,NA,NA,NA,NA,NA,NA,NA,NA,NA,NA,NA
"1606",16561,NA,NA,NA,NA,NA,NA,NA,NA,NA,NA,NA,NA,NA,NA,NA,NA,NA,NA
"1607",16566,45.03,120.47,136.65,NA,NA,NA,NA,NA,NA,-0.48,1.217,2.01,NA,NA,NA,NA,NA,NA
"1608",16567,34.83,102.61,60.73,62.32,153.03,97.95,75.47,167.62,128.76,-1.019,0.979,0.562,0.249,1.315,0.951,0.419,1.216,1.17
"1609",16576,58.46,93.65,84.06,68.79,147.37,134,NA,NA,NA,0.025,0.897,1.049,0.604,1.232,1.543,NA,NA,NA
"1610",16580,NA,NA,NA,NA,NA,NA,NA,NA,NA,NA,NA,NA,NA,NA,NA,NA,NA,NA
"1611",16586,56.11,136.16,104.24,75.04,173.92,139.59,NA,NA,NA,-0.041,1.384,1.409,0.905,1.628,1.617,NA,NA,NA
"1612",16595,NA,NA,NA,NA,NA,NA,NA,NA,NA,NA,NA,NA,NA,NA,NA,NA,NA,NA
"1613",16606,48.09,125.9,77.63,51.07,135.9,119.93,97.52,171.44,154.02,-0.383,1.282,0.974,-0.275,1.091,1.297,1.606,1.262,1.641
"1614",16625,39.31,107.97,80.82,56.83,143.53,127.46,77.31,168.46,120.9,-0.778,1.119,1.022,0,1.148,1.419,0.498,1.226,1.045
"1615",16626,NA,NA,NA,NA,NA,NA,NA,NA,NA,NA,NA,NA,NA,NA,NA,NA,NA,NA
"1616",16641,33.98,103.88,100.2,36.27,128.64,88.26,NA,NA,NA,-1.032,0.982,1.317,-1.114,1.048,0.771,NA,NA,NA
"1617",16651,18.77,63.86,50.93,25.01,105.96,57.68,39.42,105.4,83.2,-2.256,0.267,0.28,-2.025,0.802,0.21,-1.028,0.598,0.514
"1618",16658,24.47,71.02,61.86,31.03,88.3,70.63,37.15,95.04,80.46,-1.624,0.424,0.597,-1.466,0.53,0.525,-1.134,0.482,0.474
"1619",16666,78.3,127.68,87.01,NA,NA,NA,NA,NA,NA,0.798,1.378,1.103,NA,NA,NA,NA,NA,NA
"1620",16680,NA,NA,NA,NA,NA,NA,NA,NA,NA,NA,NA,NA,NA,NA,NA,NA,NA,NA
"1621",16683,36.66,57.59,61.4,42.67,89.99,71.53,48.28,115.26,100.59,-0.884,0.125,0.575,-0.726,0.582,0.543,-0.65,0.698,0.754
"1622",16686,NA,NA,NA,NA,NA,NA,NA,NA,NA,NA,NA,NA,NA,NA,NA,NA,NA,NA
"1623",16695,72.08,161.61,122.98,77.55,163,150.04,98.93,196.36,163.71,0.516,1.748,1.727,1.078,1.429,1.804,1.72,1.691,1.914
"1624",16711,76.05,152.12,145.06,87.6,189.3,151.55,NA,NA,NA,0.705,1.695,2.183,1.719,1.913,1.836,NA,NA,NA
"1625",16717,29.54,101.48,74.44,48.63,126.04,94.91,76.87,152.35,113.64,-1.242,0.97,0.889,-0.387,1.022,0.904,0.479,1.05,0.936
"1626",16740,NA,NA,NA,NA,NA,NA,NA,NA,NA,NA,NA,NA,NA,NA,NA,NA,NA,NA
"1627",16751,37.29,125.67,103.24,44.1,146.56,109.87,69.35,161.99,127.39,-0.857,1.238,1.379,-0.632,1.214,1.084,0.168,1.152,1.148
"1628",16760,42.4,111.89,112.42,45.58,128.12,149.47,85.91,136.5,160.58,-0.622,1.15,1.513,-0.567,1.07,1.872,0.899,0.898,1.81
"1629",16763,NA,NA,NA,NA,NA,NA,NA,NA,NA,NA,NA,NA,NA,NA,NA,NA,NA,NA
"1630",16786,35.42,107.92,76.78,NA,NA,NA,NA,NA,NA,-0.953,1.112,0.952,NA,NA,NA,NA,NA,NA
"1631",16798,47.17,114.96,107.09,NA,NA,NA,NA,NA,NA,-0.405,1.175,1.471,NA,NA,NA,NA,NA,NA
"1632",16802,39.54,100.71,55.47,NA,NA,NA,NA,NA,NA,-0.745,0.982,0.419,NA,NA,NA,NA,NA,NA
"1633",16823,50.41,105.5,115.73,55.64,137.36,135.13,81.37,149.51,155.91,-0.318,1.04,1.602,-0.039,1.108,1.542,0.68,1.022,1.685
"1634",16841,NA,NA,NA,NA,NA,NA,NA,NA,NA,NA,NA,NA,NA,NA,NA,NA,NA,NA
"1635",16850,22.54,82.52,48.44,29.15,105.86,60.21,40.33,118.33,94.57,-1.778,0.623,0.185,-1.632,0.775,0.282,-0.987,0.727,0.672
"1636",16870,NA,NA,NA,NA,NA,NA,NA,NA,NA,NA,NA,NA,NA,NA,NA,NA,NA,NA
"1637",16873,28.11,88.89,87.1,48.6,108.21,111.22,83.72,153.19,143.61,-1.397,0.814,1.098,-0.438,0.839,1.105,0.791,1.059,1.428
"1638",16874,NA,NA,NA,NA,NA,NA,NA,NA,NA,NA,NA,NA,NA,NA,NA,NA,NA,NA
"1639",16877,37.11,124.49,105.97,52.29,162.44,130.73,NA,NA,NA,-0.844,1.206,1.453,-0.198,1.434,1.501,NA,NA,NA
"1640",16879,31.16,74.82,99.61,38.09,103.86,104.39,56.65,112.36,119.4,-1.178,0.497,1.305,-1.009,0.752,0.98,-0.323,0.669,1.023
"1641",16888,19.96,64.68,74.46,38.7,98.82,94.67,NA,NA,NA,-2.07,0.288,0.875,-0.96,0.663,0.87,NA,NA,NA
"1642",16890,38.2,130.32,105.34,58.62,143.98,104.88,NA,NA,NA,-0.816,1.409,1.443,0.092,1.166,1.093,NA,NA,NA
"1643",16891,30.31,105.8,90.1,45.11,166.46,121.75,NA,NA,NA,-1.23,1.036,1.193,-0.577,1.5,1.323,NA,NA,NA
"1644",16898,19.33,51.46,35.72,31.76,77.39,63.15,37.71,115.46,93.41,-2.157,-0.151,-0.355,-1.399,0.383,0.358,-1.108,0.7,0.656
"1645",16908,40.05,139.04,89.68,NA,NA,NA,NA,NA,NA,-0.744,1.484,1.193,NA,NA,NA,NA,NA,NA
"1646",16926,46.68,152.11,104.96,66.48,169.48,118.36,88.04,159.34,142.49,-0.432,1.584,1.422,0.506,1.534,1.371,1.009,1.123,1.407
"1647",16928,58.77,149.28,110.53,76.93,167.09,133.34,90.8,162.58,129.23,0.032,1.598,1.523,1.108,1.482,1.586,1.162,1.158,1.178
"1648",16943,NA,NA,NA,NA,NA,NA,NA,NA,NA,NA,NA,NA,NA,NA,NA,NA,NA,NA
"1649",16956,21.58,97.31,81.77,36.93,132.63,117.04,NA,NA,NA,-1.87,0.913,1.026,-1.069,1.087,1.202,NA,NA,NA
"1650",16959,26.59,52.7,44.78,31.36,88.82,63.16,NA,NA,NA,-1.462,-0.018,0.04,-1.439,0.557,0.357,NA,NA,NA
"1651",16967,43.33,146.78,91.54,67.67,166.01,125.52,NA,NA,NA,-0.561,1.538,1.208,0.578,1.496,1.306,NA,NA,NA
"1652",16977,56.6,148.12,112.06,70.49,162.1,152.97,NA,NA,NA,-0.051,1.599,1.538,0.721,1.388,1.914,NA,NA,NA
"1653",16978,45.26,126.62,86.91,67.47,156.99,123,NA,NA,NA,-0.47,1.336,1.095,0.544,1.383,1.367,NA,NA,NA
"1654",16979,NA,NA,NA,NA,NA,NA,NA,NA,NA,NA,NA,NA,NA,NA,NA,NA,NA,NA
"1655",16991,44.49,101.74,74.96,49.14,126.64,128.47,75.29,155.74,135.44,-0.557,0.958,0.89,-0.415,1.023,1.412,0.411,1.085,1.282
"1656",16995,31.06,55.24,79.48,NA,NA,NA,NA,NA,NA,-1.193,0.06,1.007,NA,NA,NA,NA,NA,NA
"1657",17003,NA,NA,NA,NA,NA,NA,NA,NA,NA,NA,NA,NA,NA,NA,NA,NA,NA,NA
"1658",17017,69.05,146.81,95.16,73.79,163.85,118.91,91.74,167.39,129.56,0.429,1.586,1.252,0.87,1.401,1.25,1.217,1.213,1.183
"1659",17019,NA,NA,NA,NA,NA,NA,NA,NA,NA,NA,NA,NA,NA,NA,NA,NA,NA,NA
"1660",17028,42.01,143.52,120.36,NA,NA,NA,NA,NA,NA,-0.747,1.519,1.699,NA,NA,NA,NA,NA,NA
"1661",17030,41.44,81.07,115.8,NA,NA,NA,NA,NA,NA,-0.635,0.684,1.621,NA,NA,NA,NA,NA,NA
"1662",17074,NA,NA,NA,NA,NA,NA,NA,NA,NA,NA,NA,NA,NA,NA,NA,NA,NA,NA
"1663",17077,NA,NA,NA,NA,NA,NA,NA,NA,NA,NA,NA,NA,NA,NA,NA,NA,NA,NA
"1664",17081,32.91,75.85,59.61,41.03,78.04,84.04,NA,NA,NA,-1.07,0.549,0.537,-0.834,0.388,0.78,NA,NA,NA
"1665",17084,58.82,159.96,133.66,NA,NA,NA,NA,NA,NA,0.04,1.728,1.976,NA,NA,NA,NA,NA,NA
"1666",17085,46.24,126.12,130.08,62.47,167.35,146.06,83.12,168.08,153.16,-0.453,1.325,1.809,0.249,1.536,1.796,0.762,1.222,1.621
"1667",17086,44.72,127.13,113.07,62.65,168.16,120.88,83.86,162.09,147.4,-0.525,1.344,1.565,0.324,1.51,1.317,0.797,1.153,1.501
"1668",17092,39.62,151.95,123.3,53.94,148.46,130.77,80.29,168.03,156.97,-0.763,1.612,1.781,-0.107,1.273,1.513,0.63,1.221,1.712
"1669",17095,NA,NA,NA,NA,NA,NA,NA,NA,NA,NA,NA,NA,NA,NA,NA,NA,NA,NA
"1670",17109,NA,NA,NA,NA,NA,NA,NA,NA,NA,NA,NA,NA,NA,NA,NA,NA,NA,NA
"1671",17112,NA,NA,NA,NA,NA,NA,NA,NA,NA,NA,NA,NA,NA,NA,NA,NA,NA,NA
"1672",17142,NA,NA,NA,NA,NA,NA,NA,NA,NA,NA,NA,NA,NA,NA,NA,NA,NA,NA
"1673",17144,33.59,140.06,70.69,54.79,148.36,87.79,72.08,168.64,112.22,-1.027,1.487,0.808,-0.083,1.289,0.855,0.278,1.228,0.916
"1674",17153,31.95,106.26,72.31,42.52,124.98,78.57,50.55,135.59,112.22,-1.118,1.082,0.827,-0.732,0.971,0.595,-0.56,0.889,0.916
"1675",17169,74.42,143.08,101.07,90.51,189.92,154.08,103.9,189.17,143.9,0.668,1.426,1.339,1.964,1.953,1.99,2.236,1.527,1.433
"1676",17171,68.36,182.09,146.67,93.53,191.52,167.37,107.05,204.4,167.75,0.392,2.033,2.249,2.179,1.876,2.464,2.777,2.004,2.1
"1677",17192,72.38,147.38,110.06,90.3,149.56,157.23,97.46,177.8,164.02,0.546,1.573,1.509,1.84,1.303,2.068,1.602,1.346,1.926
"1678",17205,32.61,91.28,102.29,37.77,115.27,116.1,51.42,112.58,129.32,-1.088,0.854,1.346,-1.018,0.859,1.188,-0.525,0.671,1.179
"1679",17214,51.73,116.69,103,45.21,149.09,122.09,63.37,103.71,127.66,-0.246,1.133,1.36,-0.581,1.266,1.341,-0.065,0.58,1.152
"1680",17226,41.43,104.67,100.9,47.7,144.82,119.95,NA,NA,NA,-0.662,1.025,1.338,-0.447,1.162,1.305,NA,NA,NA
"1681",17235,NA,NA,NA,NA,NA,NA,NA,NA,NA,NA,NA,NA,NA,NA,NA,NA,NA,NA
"1682",17238,NA,NA,NA,NA,NA,NA,NA,NA,NA,NA,NA,NA,NA,NA,NA,NA,NA,NA
"1683",17267,36.49,102.95,106.56,53.79,130.83,130.42,82.18,147.15,150.61,-0.88,0.996,1.471,-0.142,1.042,1.496,0.717,0.999,1.566
"1684",17272,46.23,139.12,119.4,72.62,159.7,142.64,96.5,188.72,150.03,-0.475,1.511,1.666,0.788,1.394,1.698,1.53,1.519,1.554
"1685",17291,NA,NA,NA,NA,NA,NA,NA,NA,NA,NA,NA,NA,NA,NA,NA,NA,NA,NA
"1686",17309,NA,NA,NA,NA,NA,NA,NA,NA,NA,NA,NA,NA,NA,NA,NA,NA,NA,NA
"1687",17312,NA,NA,NA,NA,NA,NA,NA,NA,NA,NA,NA,NA,NA,NA,NA,NA,NA,NA
"1688",17344,NA,NA,NA,NA,NA,NA,NA,NA,NA,NA,NA,NA,NA,NA,NA,NA,NA,NA
"1689",17346,25.49,98.12,58.65,32.71,98.78,73.29,54.22,146.47,88.71,-1.539,0.93,0.512,-1.345,0.663,0.479,-0.416,0.992,0.592
"1690",17351,NA,NA,NA,NA,NA,NA,NA,NA,NA,NA,NA,NA,NA,NA,NA,NA,NA,NA
"1691",17361,24.09,71.84,70.37,34.95,125.89,109.97,68.64,128.99,118.22,-1.632,0.452,0.795,-1.19,1.002,1.088,0.14,0.828,1.005
"1692",17384,45.8,168.33,124.5,74.2,174.31,150.37,88.47,166.27,147.53,-0.473,1.87,1.748,0.909,1.605,1.929,1.032,1.2,1.503
"1693",17415,32.37,75.75,56.52,31.76,103.53,63.78,48.03,98.88,74.73,-1.079,0.526,0.454,-1.409,0.696,0.376,-0.66,0.527,0.385
"1694",17421,52.93,112.22,75.61,NA,NA,NA,NA,NA,NA,-0.186,1.147,0.914,NA,NA,NA,NA,NA,NA
"1695",17434,48.5,130.3,74.74,55.38,142.24,99.92,82.3,184.3,126.04,-0.361,1.434,0.883,-0.065,1.143,0.862,0.723,1.442,1.126
"1696",17456,NA,NA,NA,55.36,147.35,85.2,75.74,174.75,118.95,NA,NA,NA,-0.056,1.243,0.723,0.431,1.305,1.016
"1697",17459,58.69,145.96,120.1,67.13,158.63,134.92,87.07,178.25,162.58,0.053,1.497,1.682,0.525,1.368,1.591,0.958,1.352,1.874
"1698",17475,37.56,105.43,71.76,41.2,128.66,112.69,53.46,136.18,99.32,-0.83,1.011,0.817,-0.793,1.025,1.131,-0.446,0.895,0.736
"1699",17478,NA,NA,NA,NA,NA,NA,NA,NA,NA,NA,NA,NA,NA,NA,NA,NA,NA,NA
"1700",17480,21.54,75.82,45.36,32.7,87.13,75.26,NA,NA,NA,-1.886,0.574,0.066,-1.336,0.505,0.625,NA,NA,NA
"1701",17501,38.85,105.39,99.84,NA,NA,NA,NA,NA,NA,-0.767,1.029,1.308,NA,NA,NA,NA,NA,NA
"1702",17502,NA,NA,NA,NA,NA,NA,NA,NA,NA,NA,NA,NA,NA,NA,NA,NA,NA,NA
"1703",17509,22.11,88.61,64.13,NA,NA,NA,NA,NA,NA,-1.817,0.798,0.658,NA,NA,NA,NA,NA,NA
"1704",17537,78.84,166.07,119.23,NA,NA,NA,NA,NA,NA,0.844,1.774,1.644,NA,NA,NA,NA,NA,NA
"1705",17539,NA,NA,NA,NA,NA,NA,NA,NA,NA,NA,NA,NA,NA,NA,NA,NA,NA,NA
"1706",17577,NA,NA,NA,NA,NA,NA,NA,NA,NA,NA,NA,NA,NA,NA,NA,NA,NA,NA
"1707",17585,69.94,170.42,129.92,91.71,191.18,141.39,NA,NA,NA,0.523,1.828,1.827,2.057,2.029,1.687,NA,NA,NA
"1708",17597,NA,NA,NA,NA,NA,NA,105.34,170.99,171.9,NA,NA,NA,NA,NA,NA,2.447,1.257,2.491
"1709",17605,35.45,105.33,89.43,45.71,127.89,107.13,NA,NA,NA,-0.938,1.024,1.179,-0.54,1.054,1.039,NA,NA,NA
"1710",17611,NA,NA,NA,NA,NA,NA,NA,NA,NA,NA,NA,NA,NA,NA,NA,NA,NA,NA
"1711",17612,34.92,60.76,58.62,53.32,78.23,87.94,70.93,116.99,81.52,-0.965,0.212,0.511,-0.211,0.395,0.768,0.231,0.714,0.49
"1712",17614,NA,NA,NA,NA,NA,NA,NA,NA,NA,NA,NA,NA,NA,NA,NA,NA,NA,NA
"1713",17631,36.78,142.66,87.76,69.75,163.99,116.29,NA,NA,NA,-0.895,1.424,1.119,0.667,1.402,1.285,NA,NA,NA
"1714",17644,52.28,107.11,89.41,54.43,126.63,103.95,NA,NA,NA,-0.207,1.081,1.174,-0.101,1.036,1.027,NA,NA,NA
"1715",17647,41.59,89.37,49.09,53.1,128.2,90,77.16,155.52,119.46,-0.648,0.817,0.206,-0.193,1.046,0.823,0.492,1.083,1.023
"1716",17649,45.46,67.39,57.77,52.45,102.8,79.38,NA,NA,NA,-0.509,0.351,0.488,-0.24,0.706,0.618,NA,NA,NA
"1717",17651,NA,NA,NA,NA,NA,NA,NA,NA,NA,NA,NA,NA,NA,NA,NA,NA,NA,NA
"1718",17676,59.4,147.23,127.86,71.66,179.79,148.99,99.29,202.04,154.87,0.063,1.475,1.792,0.768,1.661,1.773,1.751,1.886,1.661
"1719",17705,NA,NA,NA,NA,NA,NA,NA,NA,NA,NA,NA,NA,NA,NA,NA,NA,NA,NA
"1720",17710,NA,NA,NA,NA,NA,NA,NA,NA,NA,NA,NA,NA,NA,NA,NA,NA,NA,NA
"1721",17727,34.14,125.81,76.63,56.74,149.68,117.15,79.24,166.72,120.86,-1.018,1.261,0.946,0.025,1.307,1.206,0.583,1.205,1.045
"1722",17731,62.37,151.32,100.8,NA,NA,NA,NA,NA,NA,0.162,1.656,1.35,NA,NA,NA,NA,NA,NA
"1723",17734,43.84,119.74,87.94,73.48,105.36,116.62,85.59,154.71,139.57,-0.579,1.206,1.113,0.839,0.783,1.193,0.883,1.074,1.354
"1724",17738,33.37,59.01,61.44,38.02,NA,76.92,NA,NA,NA,-1.041,0.119,0.581,-1.006,NA,0.557,NA,NA,NA
"1725",17751,29.21,88.28,62.3,NA,NA,NA,NA,NA,NA,-1.288,0.792,0.605,NA,NA,NA,NA,NA,NA
"1726",17753,32.14,81,72.2,43.17,126.32,92.21,NA,NA,NA,-1.097,0.622,0.832,-0.69,0.99,0.962,NA,NA,NA
"1727",17766,NA,NA,NA,NA,NA,NA,NA,NA,NA,NA,NA,NA,NA,NA,NA,NA,NA,NA
"1728",17770,NA,NA,NA,NA,NA,NA,NA,NA,NA,NA,NA,NA,NA,NA,NA,NA,NA,NA
"1729",17790,NA,NA,NA,NA,NA,NA,NA,NA,NA,NA,NA,NA,NA,NA,NA,NA,NA,NA
"1730",17791,34.19,77.65,82.42,48.03,127.92,96.5,47.63,128.12,114.05,-1.002,0.589,1.036,-0.419,1.041,0.934,-0.677,0.82,0.943
"1731",17801,39.11,90.34,54.51,NA,NA,NA,NA,NA,NA,-0.762,0.821,0.389,NA,NA,NA,NA,NA,NA
"1732",17816,21.73,67.66,58.5,NA,NA,NA,NA,NA,NA,-1.851,0.392,0.508,NA,NA,NA,NA,NA,NA
"1733",17824,39.55,89.8,47.53,NA,NA,NA,NA,NA,NA,-0.783,0.821,0.15,NA,NA,NA,NA,NA,NA
"1734",17828,71.75,164.3,134.53,70.18,181.77,160.93,102.31,195.09,171.01,0.55,1.719,1.991,0.675,1.808,2.238,2.044,1.657,2.365
"1735",17833,53.24,154.7,117.61,64.74,169.5,149.01,90.86,182,162.92,-0.171,1.672,1.63,0.44,1.574,1.851,1.166,1.406,1.886
"1736",17834,NA,NA,NA,NA,NA,NA,NA,NA,NA,NA,NA,NA,NA,NA,NA,NA,NA,NA
"1737",17853,62.45,148.1,138.88,77.7,171.55,153.45,NA,NA,NA,0.164,1.571,2.003,1.07,1.612,1.963,NA,NA,NA
"1738",17856,80.53,194.07,147.68,86.97,193.65,159.87,107.9,203.29,170.22,0.878,2.38,2.277,1.719,2.108,2.214,2.996,1.945,2.281
"1739",17873,61.97,139.55,115.26,77.95,165.6,135.74,105.12,194.52,165.35,0.151,1.412,1.589,1.131,1.472,1.615,2.412,1.643,1.98
"1740",17878,NA,125.47,NA,45.36,147.17,141.97,NA,NA,NA,NA,1.299,NA,-0.598,1.224,1.681,NA,NA,NA
"1741",17928,61.04,151.06,128.03,90.79,180.19,165.34,NA,NA,NA,0.128,1.643,1.807,1.905,1.728,2.322,NA,NA,NA
"1742",17929,NA,NA,NA,NA,NA,NA,NA,NA,NA,NA,NA,NA,NA,NA,NA,NA,NA,NA
"1743",17945,45.86,109.54,76.52,42.05,125.16,121.92,NA,NA,NA,-0.49,1.125,0.945,-0.777,0.981,1.345,NA,NA,NA
"1744",17990,22.03,72.99,55.69,36.83,121.46,85.14,NA,NA,NA,-1.832,0.462,0.428,-1.059,0.919,0.711,NA,NA,NA
"1745",17991,NA,NA,NA,NA,NA,NA,NA,NA,NA,NA,NA,NA,NA,NA,NA,NA,NA,NA
"1746",18004,52.39,125.78,103.35,NA,NA,NA,NA,NA,NA,-0.209,1.257,1.374,NA,NA,NA,NA,NA,NA
"1747",18010,59.5,127.15,131.15,64.58,150.2,136.52,70.77,149.33,157.1,0.082,1.225,1.833,0.403,1.316,1.554,0.225,1.02,1.715
"1748",18013,NA,NA,NA,NA,NA,NA,NA,NA,NA,NA,NA,NA,NA,NA,NA,NA,NA,NA
"1749",18021,40.09,108.24,65.18,42.29,125.61,97.48,74.92,119.38,119.4,-0.715,1.115,0.692,-0.764,0.993,0.946,0.396,0.737,1.023
"1750",18041,49.84,126.07,76.6,62.66,154.2,104.02,80.38,168.69,136.05,-0.303,1.33,0.947,0.323,1.325,1.06,0.634,1.229,1.292
"1751",18055,NA,NA,NA,NA,NA,NA,NA,NA,NA,NA,NA,NA,NA,NA,NA,NA,NA,NA
"1752",18067,76.2,147.86,138.57,80.36,183.01,164.51,103.12,198.26,169.28,0.793,1.519,2.059,1.251,1.818,2.261,2.137,1.747,2.201
"1753",18068,70.77,145.96,120.82,73.43,162.92,143.8,87.94,174.39,160.89,0.521,1.461,1.737,0.851,1.42,1.756,1.004,1.3,1.82
"1754",18073,58.95,130.01,93.47,NA,NA,NA,NA,NA,NA,0.029,1.378,1.242,NA,NA,NA,NA,NA,NA
"1755",18077,63.15,165.23,126.74,87.69,184.28,136.63,96.78,197.03,165.8,0.229,1.766,1.812,1.823,1.824,1.612,1.551,1.71,2
"1756",18082,37.78,99.07,70.81,36.54,101.54,93.26,61.89,133.89,113,-0.801,0.92,0.801,-1.077,0.69,0.896,-0.122,0.873,0.927
"1757",18084,55.36,127.63,130.19,78.37,160.51,159.18,104.49,180.14,168.83,-0.088,1.376,1.875,1.144,1.401,2.154,2.318,1.379,2.168
"1758",18085,58.98,151.88,137.62,NA,NA,NA,NA,NA,NA,0.028,1.654,2.04,NA,NA,NA,NA,NA,NA
"1759",18093,58.44,142.79,126.06,92.52,168.48,146.61,101.8,200.83,169.94,0.017,1.429,1.824,2.001,1.567,1.835,1.99,1.837,2.255
"1760",18098,27.66,104.22,79.76,38.4,143.59,119.16,67.24,139.47,128.33,-1.361,0.997,1,-0.982,1.127,1.263,0.084,0.926,1.163
"1761",18099,36.27,145.41,106.72,67.53,158.64,132.52,NA,NA,NA,-0.877,1.451,1.486,0.542,1.353,1.497,NA,NA,NA
"1762",18106,NA,NA,NA,NA,NA,NA,NA,NA,NA,NA,NA,NA,NA,NA,NA,NA,NA,NA
"1763",18149,58.05,139.69,130.63,NA,NA,NA,NA,NA,NA,0.012,1.408,1.851,NA,NA,NA,NA,NA,NA
"1764",18168,50.72,105.77,101.7,70.5,164.96,145.87,NA,NA,NA,-0.276,1.031,1.343,0.748,1.459,1.818,NA,NA,NA
"1765",18174,NA,NA,NA,NA,NA,NA,NA,NA,NA,NA,NA,NA,NA,NA,NA,NA,NA,NA
"1766",18178,NA,NA,NA,NA,NA,NA,NA,NA,NA,NA,NA,NA,NA,NA,NA,NA,NA,NA
"1767",18197,66.96,153.22,118.95,NA,NA,NA,NA,NA,NA,0.344,1.677,1.653,NA,NA,NA,NA,NA,NA
"1768",18199,48.25,129.67,71.27,63.62,148.05,104.59,NA,NA,NA,-0.393,1.414,0.809,0.352,1.257,1.083,NA,NA,NA
"1769",18200,52.18,147.57,129.03,65.47,159.79,143.2,94.37,171.35,160.76,-0.212,1.604,1.867,0.439,1.397,1.753,1.382,1.261,1.816
"1770",18205,47.77,127.24,102.4,70.07,166.24,129.91,NA,NA,NA,-0.398,1.314,1.368,0.658,1.447,1.489,NA,NA,NA
"1771",18233,NA,NA,NA,NA,NA,NA,NA,NA,NA,NA,NA,NA,NA,NA,NA,NA,NA,NA
"1772",18239,57.35,118.84,84.71,62.86,180.62,141.91,96.07,193.73,157.36,0,1.196,1.057,0.31,1.627,1.692,1.498,1.624,1.722
"1773",18244,32.48,108.45,50.78,37.82,127.73,85.98,75.31,135.67,107.93,-1.09,1.114,0.266,-1.017,1.052,0.728,0.412,0.89,0.855
"1774",18262,33.51,107.73,69.91,45.92,145.03,104.48,73.76,136.21,127.85,-1.031,1.118,0.789,-0.565,1.145,1.076,0.347,0.895,1.155
"1775",18265,37.64,85.19,64.72,43.45,106.3,93.92,82.89,125.38,115.57,-0.839,0.717,0.678,-0.657,0.79,0.887,0.751,0.794,0.965
"1776",18275,72.91,156.3,132.54,86.24,174.86,134.13,101.71,200.86,162.15,0.617,1.686,1.926,1.727,1.602,1.596,1.98,1.838,1.86
"1777",18280,NA,NA,NA,NA,NA,NA,NA,NA,NA,NA,NA,NA,NA,NA,NA,NA,NA,NA
"1778",18293,NA,NA,NA,NA,NA,NA,NA,NA,NA,NA,NA,NA,NA,NA,NA,NA,NA,NA
"1779",18300,52.57,147.6,87.15,72.91,166.54,123.79,82.21,162.33,133.67,-0.216,1.516,1.104,0.814,1.548,1.344,0.719,1.155,1.252
"1780",18301,NA,NA,NA,NA,NA,NA,NA,NA,NA,NA,NA,NA,NA,NA,NA,NA,NA,NA
"1781",18306,45.91,119.49,74.63,51.26,159.16,94.87,70.23,142.93,111.92,-0.472,1.191,0.885,-0.296,1.366,0.871,0.203,0.958,0.912
"1782",18335,42.08,125.64,117.71,66.35,149.79,137.45,90.76,179.3,155.07,-0.642,1.237,1.611,0.478,1.302,1.569,1.16,1.367,1.665
"1783",18337,33.01,76.1,62.83,NA,NA,NA,NA,NA,NA,-1.065,0.555,0.624,NA,NA,NA,NA,NA,NA
"1784",18351,40.48,105.27,115.3,74.38,146.57,132.85,NA,NA,NA,-0.715,1.045,1.562,0.945,1.204,1.486,NA,NA,NA
"1785",18353,39.78,124.12,107.51,NA,NA,NA,NA,NA,NA,-0.759,1.21,1.463,NA,NA,NA,NA,NA,NA
"1786",18354,36.91,99.67,78.75,53.04,106.74,118.96,NA,NA,NA,-0.855,0.948,0.997,-0.191,0.79,1.264,NA,NA,NA
"1787",18359,NA,NA,NA,NA,NA,NA,NA,NA,NA,NA,NA,NA,NA,NA,NA,NA,NA,NA
"1788",18360,NA,NA,NA,NA,NA,NA,NA,NA,NA,NA,NA,NA,NA,NA,NA,NA,NA,NA
"1789",18367,NA,NA,NA,NA,NA,NA,NA,NA,NA,NA,NA,NA,NA,NA,NA,NA,NA,NA
"1790",18377,NA,NA,NA,NA,NA,NA,NA,NA,NA,NA,NA,NA,NA,NA,NA,NA,NA,NA
"1791",18382,49.62,152.61,111.47,65.25,143.83,135.94,83.34,154.58,138.46,-0.329,1.602,1.545,0.419,1.165,1.547,0.772,1.073,1.334
"1792",18404,65.82,131.34,108.08,92.27,168.31,155.91,97.72,196.21,150.49,0.312,1.397,1.476,2.177,1.561,2.055,1.622,1.687,1.564
"1793",18413,51.12,133.08,95.97,70.66,146.93,108.29,94.4,157.02,129.8,-0.276,1.419,1.264,0.725,1.225,1.064,1.384,1.098,1.187
"1794",18415,NA,NA,NA,NA,NA,NA,NA,NA,NA,NA,NA,NA,NA,NA,NA,NA,NA,NA
"1795",18421,60.37,126.5,112.51,82.16,171.83,141.25,105.17,186.66,164.02,0.066,1.347,1.547,1.374,1.596,1.669,2.42,1.481,1.926
"1796",18455,NA,NA,NA,NA,NA,NA,NA,NA,NA,NA,NA,NA,NA,NA,NA,NA,NA,NA
"1797",18464,NA,NA,NA,NA,NA,NA,NA,NA,NA,NA,NA,NA,NA,NA,NA,NA,NA,NA
"1798",18469,54.8,145.84,89.21,56.3,122.05,93.25,61.32,185.93,121.51,-0.13,1.476,1.172,-0.026,0.97,0.897,-0.144,1.469,1.055
"1799",18487,41.19,104.3,72.34,70.24,132.8,93.38,NA,NA,NA,-0.654,0.979,0.827,0.683,1.056,0.878,NA,NA,NA
"1800",18493,62.73,126.62,106.53,73.28,149.61,117.69,91.16,149,138.25,0.233,1.326,1.46,0.863,1.27,1.351,1.183,1.017,1.331
"1801",18502,56.84,111.38,82.66,57.42,151.24,117.07,NA,NA,NA,-0.075,1.158,1.032,0.004,1.322,1.202,NA,NA,NA
"1802",18514,60,145.59,106.14,NA,NA,NA,NA,NA,NA,0.115,1.468,1.469,NA,NA,NA,NA,NA,NA
"1803",18515,47.43,124.94,78.34,NA,NA,NA,NA,NA,NA,-0.415,1.249,0.987,NA,NA,NA,NA,NA,NA
"1804",18531,NA,NA,NA,NA,NA,NA,NA,NA,NA,NA,NA,NA,NA,NA,NA,NA,NA,NA
"1805",18546,40.49,113.77,90.2,NA,NA,NA,NA,NA,NA,-0.68,1.183,1.203,NA,NA,NA,NA,NA,NA
"1806",18554,46.99,125.98,102.52,61.41,146.47,129.19,77.17,153.49,131.32,-0.453,1.319,1.363,0.257,1.218,1.434,0.492,1.062,1.212
"1807",18558,46.92,132.21,133.72,78.32,160.8,155.24,NA,NA,NA,-0.445,1.373,1.95,1.224,1.37,2.026,NA,NA,NA
"1808",18574,62.96,161.64,142.73,93.7,175.78,159.57,NA,NA,NA,0.254,1.74,2.159,2.218,1.613,2.152,NA,NA,NA
"1809",18581,NA,NA,NA,NA,NA,NA,NA,NA,NA,NA,NA,NA,NA,NA,NA,NA,NA,NA
"1810",18597,61.43,108.7,101.67,62.28,147.61,117.13,NA,NA,NA,0.156,1.185,1.367,0.253,1.249,1.224,NA,NA,NA
"1811",18604,67.65,155.9,108.4,NA,NA,NA,NA,NA,NA,0.329,1.687,1.506,NA,NA,NA,NA,NA,NA
"1812",18609,32.49,111.49,98.56,38.02,156.55,105.94,65.81,175.54,138.58,-1.109,1.142,1.303,-1.01,1.335,1.015,0.029,1.315,1.336
"1813",18611,29.54,136.89,137.03,46.15,166.54,129.39,82.47,192.63,151.06,-1.245,1.398,2.012,-0.536,1.517,1.401,0.731,1.598,1.576
"1814",18656,31.76,97.86,82.04,NA,NA,NA,NA,NA,NA,-1.146,0.968,1.021,NA,NA,NA,NA,NA,NA
"1815",18664,38.08,124.03,81.29,66.65,126.01,120,84.41,161.03,139.91,-0.808,1.237,1.021,0.5,1.006,1.285,0.824,1.141,1.36
"1816",18683,41.54,105.16,91.69,49.32,126.96,129.09,79.6,164.75,152.14,-0.655,1.013,1.239,-0.334,1.015,1.444,0.599,1.183,1.599
"1817",18691,28.64,91.68,50.53,48.73,128,92.38,42.7,137.34,96.66,-1.32,0.856,0.258,-0.399,1.042,0.763,-0.883,0.906,0.7
"1818",18709,30.39,107.66,103.96,50.37,145,118.22,NA,NA,NA,-1.209,1.106,1.4,-0.306,1.19,1.186,NA,NA,NA
"1819",18720,39.63,79.53,65.73,46.73,115.85,92.41,61.7,94.89,67.75,-0.749,0.652,0.704,-0.492,0.87,0.87,-0.129,0.48,0.264
"1820",18722,46.8,140.81,99.33,52.34,149.87,132.85,74.57,170.5,148.14,-0.441,1.44,1.324,-0.197,1.31,1.485,0.381,1.251,1.515
"1821",18735,62.73,151.66,115.68,73.55,167.81,150.98,99.95,185.5,156.81,0.198,1.661,1.596,0.873,1.539,1.822,1.809,1.462,1.707
"1822",18755,NA,NA,NA,NA,NA,NA,NA,NA,NA,NA,NA,NA,NA,NA,NA,NA,NA,NA
"1823",18760,42.98,127.7,119.67,NA,NA,NA,NA,NA,NA,-0.589,1.38,1.671,NA,NA,NA,NA,NA,NA
"1824",18767,55.31,136,89.5,75.61,158.75,120.64,73.36,131.9,129.81,-0.083,1.4,1.178,0.952,1.351,1.307,0.331,0.855,1.187
"1825",18768,60.79,127.24,103.1,70.79,149.13,127.85,84.63,166.37,148.09,0.12,1.345,1.38,0.702,1.293,1.362,0.835,1.201,1.515
"1826",18783,NA,NA,NA,NA,NA,NA,NA,NA,NA,NA,NA,NA,NA,NA,NA,NA,NA,NA
"1827",18795,35.19,103.39,116.23,82.58,147.41,131.72,NA,NA,NA,-0.929,0.976,1.62,1.443,1.21,1.537,NA,NA,NA
"1828",18802,NA,NA,NA,NA,NA,NA,NA,NA,NA,NA,NA,NA,NA,NA,NA,NA,NA,NA
"1829",18804,74.83,140.82,142.2,NA,NA,NA,NA,NA,NA,0.669,1.419,2.141,NA,NA,NA,NA,NA,NA
"1830",18813,50.72,124.49,92.15,69.39,168.02,133.29,88.46,170.85,141.74,-0.289,1.25,1.228,0.623,1.501,1.512,1.031,1.255,1.393
"1831",18829,NA,NA,NA,NA,NA,NA,NA,NA,NA,NA,NA,NA,NA,NA,NA,NA,NA,NA
"1832",18841,63.97,127.84,109.77,82.13,137.25,123.59,NA,NA,NA,0.225,1.375,1.489,1.374,1.159,1.291,NA,NA,NA
"1833",18851,39.35,90.26,73.06,47.62,105.38,96.95,69.05,142.18,124.67,-0.777,0.832,0.841,-0.434,0.755,0.944,0.156,0.951,1.104
"1834",18856,53.53,106.76,88.05,48.37,147.06,122.21,68.48,168.6,140.88,-0.171,1.08,1.115,-0.451,1.23,1.336,0.133,1.228,1.378
"1835",18878,62.79,149.62,124.11,81.52,170.96,151.3,95.91,203.45,164.82,0.196,1.612,1.728,1.356,1.592,1.842,1.487,1.953,1.957
"1836",18902,NA,NA,NA,NA,NA,NA,NA,NA,NA,NA,NA,NA,NA,NA,NA,NA,NA,NA
"1837",18941,65.04,155.6,138.42,NA,NA,NA,NA,NA,NA,0.324,1.68,2.052,NA,NA,NA,NA,NA,NA
"1838",18943,NA,NA,NA,NA,NA,NA,NA,NA,NA,NA,NA,NA,NA,NA,NA,NA,NA,NA
"1839",18948,NA,NA,NA,NA,NA,NA,NA,NA,NA,NA,NA,NA,NA,NA,NA,NA,NA,NA
"1840",18949,NA,NA,NA,NA,NA,NA,NA,NA,NA,NA,NA,NA,NA,NA,NA,NA,NA,NA
"1841",18966,NA,NA,NA,NA,NA,NA,NA,NA,NA,NA,NA,NA,NA,NA,NA,NA,NA,NA
"1842",18977,53.27,129.4,98.28,NA,NA,NA,NA,NA,NA,-0.223,1.358,1.307,NA,NA,NA,NA,NA,NA
"1843",18990,57.54,114.41,97,60.39,152.64,128.03,95.67,179.07,148.24,0.007,1.197,1.281,0.188,1.341,1.419,1.47,1.363,1.518
"1844",18992,NA,NA,NA,NA,NA,NA,NA,NA,NA,NA,NA,NA,NA,NA,NA,NA,NA,NA
"1845",19026,NA,NA,NA,NA,NA,NA,NA,NA,NA,NA,NA,NA,NA,NA,NA,NA,NA,NA
"1846",19030,NA,NA,NA,NA,NA,NA,NA,NA,NA,NA,NA,NA,NA,NA,NA,NA,NA,NA
"1847",19031,60.45,180.83,129.15,NA,NA,NA,98.92,198.93,168.99,0.119,2.032,1.841,NA,NA,NA,1.719,1.769,2.18
"1848",19037,56.17,170.72,100.98,72.59,167.53,130.85,93.32,196.03,154.97,-0.063,1.892,1.337,0.845,1.545,1.501,1.314,1.682,1.663
"1849",19041,53.88,138.27,89.05,NA,NA,NA,NA,NA,NA,-0.176,1.395,1.157,NA,NA,NA,NA,NA,NA
"1850",19045,68.7,157.32,105.53,NA,NA,NA,NA,NA,NA,0.438,1.658,1.419,NA,NA,NA,NA,NA,NA
"1851",19050,39.7,131.12,134.4,66.75,165.59,151.29,87.55,179.09,160.11,-0.711,1.362,1.971,0.516,1.438,1.966,0.983,1.364,1.797
"1852",19053,75.37,177.32,146.76,NA,NA,NA,NA,NA,NA,0.65,1.959,2.206,NA,NA,NA,NA,NA,NA
"1853",19056,68.68,146.49,110.23,NA,NA,NA,NA,NA,NA,0.406,1.582,1.522,NA,NA,NA,NA,NA,NA
"1854",19070,NA,NA,NA,NA,NA,NA,NA,NA,NA,NA,NA,NA,NA,NA,NA,NA,NA,NA
"1855",19074,NA,NA,NA,NA,NA,NA,NA,NA,NA,NA,NA,NA,NA,NA,NA,NA,NA,NA
"1856",19079,88.93,169.26,131.06,83.67,197.22,159.52,102.65,208.44,170.77,1.327,1.906,1.869,1.508,2.097,2.141,2.083,2.338,2.337
"1857",19080,82.59,168.44,148.29,93.84,190.17,167.32,106.76,200.89,172.2,1.021,1.884,2.294,2.127,1.852,2.477,2.713,1.839,2.545
"1858",19087,67.12,147.58,107.45,76.68,166.99,142.59,93.93,199.19,166.57,0.326,1.511,1.462,1.031,1.523,1.698,1.353,1.777,2.036
"1859",19118,59.64,145.98,112.96,79.53,183.88,159.33,NA,NA,NA,0.059,1.533,1.529,1.288,1.796,2.165,NA,NA,NA
"1860",19121,NA,NA,NA,NA,NA,NA,NA,NA,NA,NA,NA,NA,NA,NA,NA,NA,NA,NA
"1861",19126,36.85,125.38,95.17,48.5,131.11,115.83,73.99,176.01,125.52,-0.882,1.222,1.26,-0.44,1.108,1.179,0.357,1.321,1.118
"1862",19130,NA,NA,NA,NA,NA,NA,NA,NA,NA,NA,NA,NA,NA,NA,NA,NA,NA,NA
"1863",19150,NA,NA,NA,NA,NA,NA,NA,NA,NA,NA,NA,NA,NA,NA,NA,NA,NA,NA
"1864",19157,NA,NA,NA,NA,NA,NA,103.42,181.08,147.58,NA,NA,NA,NA,NA,NA,2.174,1.392,1.504
"1865",19170,NA,NA,NA,NA,NA,NA,NA,NA,NA,NA,NA,NA,NA,NA,NA,NA,NA,NA
"1866",19172,NA,NA,NA,NA,NA,NA,NA,NA,NA,NA,NA,NA,NA,NA,NA,NA,NA,NA
"1867",19175,NA,NA,NA,NA,NA,NA,NA,NA,NA,NA,NA,NA,NA,NA,NA,NA,NA,NA
"1868",19196,26.72,92.77,106.79,NA,NA,NA,NA,NA,NA,-1.44,0.857,1.475,NA,NA,NA,NA,NA,NA
"1869",19203,NA,NA,NA,NA,NA,NA,NA,NA,NA,NA,NA,NA,NA,NA,NA,NA,NA,NA
"1870",19205,35.84,104.73,99.58,NA,NA,NA,NA,NA,NA,-0.959,1.01,1.304,NA,NA,NA,NA,NA,NA
"1871",19216,NA,NA,NA,87.02,179.22,138.1,86.54,167.74,145.07,NA,NA,NA,1.599,1.604,1.594,0.931,1.217,1.456
"1872",19221,66.87,153.97,64.48,81.35,159.3,106.67,100.14,206.55,137.87,0.339,1.64,0.677,1.325,1.369,1.033,1.826,2.149,1.324
"1873",19226,54.07,105.93,62.66,62.59,126.24,84.9,82.94,163.46,123.75,-0.139,1.051,0.616,0.275,1.014,0.708,0.753,1.168,1.09
"1874",19230,NA,NA,NA,NA,NA,NA,NA,NA,NA,NA,NA,NA,NA,NA,NA,NA,NA,NA
"1875",19232,NA,NA,NA,NA,NA,NA,NA,NA,NA,NA,NA,NA,NA,NA,NA,NA,NA,NA
"1876",19250,NA,NA,NA,NA,NA,NA,NA,NA,NA,NA,NA,NA,NA,NA,NA,NA,NA,NA
"1877",19263,55.19,162.74,130.44,NA,NA,NA,98.74,204.65,155.57,-0.082,1.619,1.845,NA,NA,NA,1.704,2.019,1.677
"1878",19269,NA,NA,NA,NA,NA,NA,NA,NA,NA,NA,NA,NA,NA,NA,NA,NA,NA,NA
"1879",19270,NA,NA,NA,NA,NA,NA,NA,NA,NA,NA,NA,NA,NA,NA,NA,NA,NA,NA
"1880",19292,66.89,140.25,74.45,72.31,154.71,86.36,88.24,175.83,127.51,0.337,1.485,0.877,0.837,1.325,0.734,1.02,1.319,1.15
"1881",19299,69.72,147.09,131.39,74.9,181.47,150.04,100.37,188.36,160.55,0.482,1.494,1.925,0.929,1.741,1.919,1.847,1.512,1.81
"1882",19330,50.96,129.16,105.32,72.67,163.13,142.89,86.03,190.93,148,-0.262,1.389,1.433,0.814,1.425,1.73,0.905,1.562,1.513
"1883",19348,40.9,113.1,91.92,59.44,146.91,126.39,84.46,163.78,128.71,-0.674,1.187,1.216,0.113,1.215,1.343,0.827,1.172,1.169
"1884",19351,44.46,89.12,63.41,NA,NA,NA,NA,NA,NA,-0.524,0.812,0.637,NA,NA,NA,NA,NA,NA
"1885",19359,NA,NA,NA,NA,NA,NA,NA,NA,NA,NA,NA,NA,NA,NA,NA,NA,NA,NA
"1886",19375,NA,NA,NA,NA,NA,NA,NA,NA,NA,NA,NA,NA,NA,NA,NA,NA,NA,NA
"1887",19388,84.19,191.98,137.86,84.51,199.03,150.78,104.14,207.27,167.51,1.142,2.339,1.959,1.612,2.271,1.944,2.269,2.211,2.086
"1888",19396,82.95,179.58,142.02,93.24,188.98,144.56,102.14,202.69,169.72,1.076,2.041,2.131,2.167,1.833,1.809,2.026,1.916,2.236
"1889",19398,65.83,152.97,123.91,76.4,161.91,144.69,99.83,201.16,169.01,0.316,1.586,1.794,1.031,1.416,1.808,1.798,1.85,2.181
"1890",19401,48.01,121.95,113.4,60,143.75,140.09,100.86,185.08,171.39,-0.4,1.216,1.556,0.179,1.185,1.634,1.894,1.455,2.413
"1891",19404,NA,NA,NA,NA,NA,NA,NA,NA,NA,NA,NA,NA,NA,NA,NA,NA,NA,NA
"1892",19420,59.1,159.15,110.81,78.6,166.46,146.7,94.41,196.88,143.49,0.03,1.676,1.507,1.218,1.537,1.847,1.384,1.706,1.426
"1893",19423,45.37,105.23,124.86,59.95,147.67,136.12,91.85,175.63,158.51,-0.484,1.011,1.807,0.13,1.242,1.566,1.224,1.316,1.752
"1894",19436,57.52,113.19,55.97,69.67,145.02,107.59,NA,NA,NA,-0.004,1.162,0.433,0.674,1.177,1.048,NA,NA,NA
"1895",19440,NA,NA,NA,NA,NA,NA,NA,NA,NA,NA,NA,NA,NA,NA,NA,NA,NA,NA
"1896",19449,64.64,145.13,106.51,NA,NA,NA,NA,NA,NA,0.237,1.556,1.461,NA,NA,NA,NA,NA,NA
"1897",19456,NA,NA,NA,NA,NA,NA,NA,NA,NA,NA,NA,NA,NA,NA,NA,NA,NA,NA
"1898",19459,84.76,147.17,126.24,NA,NA,NA,NA,NA,NA,1.115,1.552,1.772,NA,NA,NA,NA,NA,NA
"1899",19460,NA,NA,NA,NA,NA,NA,NA,NA,NA,NA,NA,NA,NA,NA,NA,NA,NA,NA
"1900",19472,47.98,78.64,82.62,NA,NA,NA,NA,NA,NA,-0.393,0.584,1.036,NA,NA,NA,NA,NA,NA
"1901",19508,47.84,150.58,99.41,NA,NA,NA,NA,NA,NA,-0.376,1.575,1.322,NA,NA,NA,NA,NA,NA
"1902",19516,NA,NA,NA,NA,NA,NA,NA,NA,NA,NA,NA,NA,NA,NA,NA,NA,NA,NA
"1903",19520,NA,NA,NA,NA,NA,NA,NA,NA,NA,NA,NA,NA,NA,NA,NA,NA,NA,NA
"1904",19540,30.42,55.49,40.9,NA,NA,NA,NA,NA,NA,-1.32,-0.002,-0.119,NA,NA,NA,NA,NA,NA
"1905",19552,61.82,119.27,116.37,70.83,145.41,132.54,95.34,170.7,158.97,0.188,1.218,1.595,0.777,1.215,1.561,1.447,1.253,1.764
"1906",19557,NA,NA,NA,NA,NA,NA,NA,NA,NA,NA,NA,NA,NA,NA,NA,NA,NA,NA
"1907",19561,52.89,147.78,113.34,84.31,168.46,137.32,91.16,167.1,160.35,-0.18,1.552,1.541,1.443,1.593,1.658,1.183,1.21,1.803
"1908",19565,79.14,171.9,156.92,NA,NA,NA,104.97,205.56,161.03,0.92,1.962,2.489,NA,NA,NA,2.389,2.076,1.824
"1909",19568,53.13,138.72,110.18,67.56,162.86,136.46,90.75,161.93,154.54,-0.188,1.47,1.532,0.58,1.42,1.62,1.159,1.151,1.653
"1910",19573,61.06,143.46,109,70.74,182.04,130.59,97.96,193.16,149.66,0.141,1.516,1.497,0.702,1.767,1.48,1.641,1.611,1.546
"1911",19575,NA,NA,NA,NA,NA,NA,NA,NA,NA,NA,NA,NA,NA,NA,NA,NA,NA,NA
"1912",19590,32.87,58.38,69.05,NA,NA,NA,75.22,155.14,127.81,-1.066,0.099,0.776,NA,NA,NA,0.409,1.079,1.155
"1913",19604,21.36,106.16,75.18,62.25,144.14,106.18,76.15,172.64,134.19,-1.893,1.05,0.91,0.263,1.167,1.139,0.448,1.278,1.26
"1914",19606,NA,NA,NA,NA,NA,NA,NA,NA,NA,NA,NA,NA,NA,NA,NA,NA,NA,NA
"1915",19616,NA,NA,NA,NA,NA,NA,NA,NA,NA,NA,NA,NA,NA,NA,NA,NA,NA,NA
"1916",19623,NA,NA,NA,NA,NA,NA,NA,NA,NA,NA,NA,NA,NA,NA,NA,NA,NA,NA
"1917",19639,53.2,125.6,110.12,67.67,162.03,152.18,92.66,156.56,155.27,-0.178,1.271,1.51,0.591,1.382,1.971,1.273,1.093,1.67
"1918",19652,72.16,161.91,101.41,80.28,181.66,140.31,103.12,199.34,159.45,0.567,1.703,1.339,1.312,1.759,1.652,2.138,1.782,1.778
"1919",19675,52.21,145.92,101.57,70.34,192.58,134.81,93.29,186.69,153.22,-0.21,1.559,1.364,0.725,1.93,1.532,1.312,1.482,1.623
"1920",19678,45.86,147.9,91.64,NA,NA,NA,NA,NA,NA,-0.448,1.578,1.226,NA,NA,NA,NA,NA,NA
"1921",19687,66.41,167.35,109.08,85.15,180.48,137.85,103.05,197.96,166.55,0.372,1.843,1.481,1.593,1.684,1.588,2.13,1.738,2.035
"1922",19689,67.7,166.64,124.86,NA,NA,NA,NA,NA,NA,0.399,1.814,1.757,NA,NA,NA,NA,NA,NA
"1923",19692,30.45,88.38,55.12,NA,NA,NA,NA,NA,NA,-1.198,0.802,0.408,NA,NA,NA,NA,NA,NA
"1924",19709,NA,NA,NA,NA,NA,NA,NA,NA,NA,NA,NA,NA,NA,NA,NA,NA,NA,NA
"1925",19719,NA,NA,NA,NA,NA,NA,NA,NA,NA,NA,NA,NA,NA,NA,NA,NA,NA,NA
"1926",19721,NA,NA,NA,NA,NA,NA,NA,NA,NA,NA,NA,NA,NA,NA,NA,NA,NA,NA
"1927",19729,58.98,156.13,134.44,NA,NA,NA,NA,NA,NA,0.042,1.685,1.957,NA,NA,NA,NA,NA,NA
"1928",19731,45.53,105.97,107.35,52.72,131.93,122.31,75.45,163.89,146.98,-0.503,1.117,1.446,-0.224,1.047,1.353,0.418,1.173,1.492
"1929",19737,70.33,162.11,146.92,88.01,168.89,160.16,88.01,183.22,167.24,0.452,1.772,2.275,1.803,1.521,2.207,1.008,1.425,2.071
"1930",19752,NA,NA,NA,NA,NA,NA,NA,NA,NA,NA,NA,NA,NA,NA,NA,NA,NA,NA
"1931",19754,NA,NA,NA,NA,NA,NA,NA,NA,NA,NA,NA,NA,NA,NA,NA,NA,NA,NA
"1932",19758,92.08,166.97,141.81,96.71,191.41,159.64,105.97,208.44,169.3,1.522,1.791,2.129,2.507,1.993,2.163,2.556,2.338,2.202
"1933",19767,NA,NA,NA,NA,NA,NA,NA,NA,NA,NA,NA,NA,NA,NA,NA,NA,NA,NA
"1934",19800,31.17,89.6,78.96,46.54,128.32,103.35,50.28,145.08,117.66,-1.168,0.814,0.991,-0.541,1.064,1.04,-0.571,0.979,0.996
"1935",19807,26.87,82.82,55.97,41.08,95.5,64.88,NA,NA,NA,-1.431,0.699,0.436,-0.811,0.637,0.405,NA,NA,NA
"1936",19830,58.53,126.98,109.08,69.61,105.67,118.75,NA,NA,NA,0.027,1.401,1.497,0.646,0.766,1.26,NA,NA,NA
"1937",19835,47.02,113.29,78.95,60.3,146.83,105.87,66.35,144.91,115.93,-0.425,1.194,0.988,0.197,1.221,1.016,0.05,0.977,0.97
"1938",19843,46.66,116.33,103.54,63.25,143.94,119.82,96.08,174.71,154.65,-0.445,1.193,1.379,0.327,1.168,1.292,1.499,1.304,1.655
"1939",19848,50.13,149.06,102.69,70.62,179.82,130.45,78.02,198.65,160.04,-0.305,1.555,1.375,0.664,1.662,1.481,0.529,1.759,1.795
"1940",19853,56.51,125.2,91.77,63.37,149.68,118.14,NA,NA,NA,-0.053,1.221,1.214,0.347,1.253,1.244,NA,NA,NA
"1941",19871,61,147.23,130.08,72.79,166.17,136.25,100.35,190.42,151.06,0.137,1.543,1.881,0.867,1.502,1.632,1.846,1.552,1.576
"1942",19872,39.07,133.08,104.68,NA,NA,NA,NA,NA,NA,-0.785,1.373,1.418,NA,NA,NA,NA,NA,NA
"1943",19905,NA,NA,NA,NA,NA,NA,NA,NA,NA,NA,NA,NA,NA,NA,NA,NA,NA,NA
"1944",19914,NA,NA,NA,NA,NA,NA,NA,NA,NA,NA,NA,NA,NA,NA,NA,NA,NA,NA
"1945",19919,67.85,186.59,143,90.12,195.03,150.4,102,203.25,168.85,0.412,2.165,2.15,1.946,2.046,1.924,2.01,1.943,2.17
"1946",19930,58.08,132.09,84.62,74.34,167.77,141.89,NA,NA,NA,0.027,1.405,1.056,0.872,1.492,1.698,NA,NA,NA
"1947",19932,56.98,149.4,99.01,NA,NA,NA,NA,NA,NA,-0.038,1.602,1.297,NA,NA,NA,NA,NA,NA
"1948",19934,80.4,146.3,134.14,92.68,148.82,158.66,95.78,180.05,161.25,0.934,1.547,1.982,2.149,1.275,2.12,1.478,1.377,1.831
"1949",19936,42.09,115.63,78.51,53.13,125.9,109.53,79.5,133.92,105.18,-0.639,1.208,0.985,-0.223,1.012,1.082,0.595,0.874,0.816
"1950",19938,NA,NA,NA,NA,NA,NA,NA,NA,NA,NA,NA,NA,NA,NA,NA,NA,NA,NA
"1951",19939,64.08,155.21,108.4,61.22,161.08,128.62,90.02,181.75,154.14,0.301,1.686,1.48,0.18,1.413,1.449,1.118,1.403,1.643
"1952",19947,56.86,138.84,89.82,66.26,146.59,124.29,90.31,163.2,154.54,-0.034,1.455,1.201,0.506,1.203,1.293,1.134,1.165,1.653
"1953",19971,45.2,130.5,91.53,62.06,161.96,121.2,NA,NA,NA,-0.534,1.403,1.216,0.3,1.386,1.318,NA,NA,NA
"1954",19979,NA,NA,NA,NA,NA,NA,NA,NA,NA,NA,NA,NA,NA,NA,NA,NA,NA,NA
"1955",19981,56.83,128.65,112.47,76.46,126.63,131.64,82.73,142.78,147.98,-0.033,1.391,1.552,1.073,1.018,1.46,0.743,0.957,1.512
"1956",19983,38.18,107.7,59.95,48.81,115.91,85.62,NA,NA,NA,-0.802,1.113,0.553,-0.438,0.868,0.727,NA,NA,NA
"1957",19994,54.22,158.75,120.19,NA,NA,NA,NA,NA,NA,-0.166,1.646,1.695,NA,NA,NA,NA,NA,NA
"1958",20005,74.99,168.42,145.31,NA,NA,NA,NA,NA,NA,0.727,1.803,2.209,NA,NA,NA,NA,NA,NA
"1959",20007,NA,NA,NA,NA,NA,NA,NA,NA,NA,NA,NA,NA,NA,NA,NA,NA,NA,NA
"1960",20021,NA,NA,NA,NA,NA,NA,NA,NA,NA,NA,NA,NA,NA,NA,NA,NA,NA,NA
"1961",20032,42.23,105.56,106.17,70.45,147.13,133.26,NA,NA,NA,-0.624,1.041,1.45,0.711,1.208,1.581,NA,NA,NA
"1962",20034,20.67,57.17,44.46,NA,NA,NA,NA,NA,NA,-1.98,0.042,0.029,NA,NA,NA,NA,NA,NA
"1963",20050,59.59,99.63,106.61,74.35,128.01,131.35,89.36,161.99,140.71,0.053,0.963,1.454,0.903,1.005,1.447,1.081,1.152,1.375
"1964",20059,NA,NA,NA,NA,NA,NA,NA,NA,NA,NA,NA,NA,NA,NA,NA,NA,NA,NA
"1965",20084,NA,NA,NA,NA,NA,NA,NA,NA,NA,NA,NA,NA,NA,NA,NA,NA,NA,NA
"1966",20089,41.19,100.88,62.99,60.89,166.66,113.3,80.61,146.32,142.48,-0.749,0.945,0.621,0.211,1.463,1.134,0.645,0.991,1.407
"1967",20098,56.27,134.18,102.54,79.9,174.58,152.8,100.79,197.69,159.88,-0.088,1.432,1.38,1.263,1.601,1.94,1.887,1.729,1.79
"1968",20101,34.68,105.96,72.41,77.56,144.56,118.45,NA,NA,NA,-1.04,1.039,0.817,1.056,1.137,1.245,NA,NA,NA
"1969",20110,NA,NA,NA,NA,NA,NA,NA,NA,NA,NA,NA,NA,NA,NA,NA,NA,NA,NA
"1970",20125,31.5,107.35,103.76,NA,NA,NA,NA,NA,NA,-1.141,1.109,1.401,NA,NA,NA,NA,NA,NA
"1971",20132,23.86,67.85,55.32,NA,NA,NA,NA,NA,NA,-1.655,0.361,0.407,NA,NA,NA,NA,NA,NA
"1972",20141,34.97,109.14,92.38,44.25,125.69,102.73,NA,NA,NA,-0.982,1.149,1.242,-0.62,0.996,0.994,NA,NA,NA
"1973",20153,40.49,126.15,89.75,NA,NA,NA,NA,NA,NA,-0.672,1.337,1.182,NA,NA,NA,NA,NA,NA
"1974",20160,34.33,102.67,53.83,NA,NA,NA,NA,NA,NA,-1.028,0.995,0.366,NA,NA,NA,NA,NA,NA
"1975",20174,49.39,143.84,98.87,66.98,164.29,139.53,NA,NA,NA,-0.324,1.446,1.298,0.562,1.408,1.694,NA,NA,NA
"1976",20175,20.53,72.04,51.79,41.06,123.85,60.07,NA,NA,NA,-2.005,0.435,0.299,-0.832,0.926,0.299,NA,NA,NA
"1977",20199,57.62,137.09,91.73,76.72,169.89,120.6,92.51,184.62,127.03,-0.011,1.392,1.212,1.017,1.544,1.306,1.264,1.447,1.142
"1978",20209,NA,NA,NA,NA,NA,NA,NA,NA,NA,NA,NA,NA,NA,NA,NA,NA,NA,NA
"1979",20221,46.36,103.59,91.12,NA,NA,NA,NA,NA,NA,-0.495,0.967,1.205,NA,NA,NA,NA,NA,NA
"1980",20222,NA,NA,NA,NA,NA,NA,NA,NA,NA,NA,NA,NA,NA,NA,NA,NA,NA,NA
"1981",20226,49.37,167.62,91.69,74.04,181.72,139.95,95.45,193.13,143.52,-0.346,1.811,1.219,0.938,1.726,1.627,1.455,1.61,1.426
"1982",20227,67.54,125.47,129.03,75.52,169.78,150.69,99.11,191.69,171.46,0.378,1.253,1.845,0.941,1.53,1.94,1.735,1.578,2.422
"1983",20231,72.45,157.96,121,83.46,181.13,150.68,102.3,201.95,171.19,0.592,1.73,1.705,1.511,1.72,1.93,2.044,1.882,2.387
"1984",20236,39.84,108.27,87.55,61.81,158.22,125.22,87.11,175.57,136.27,-0.811,1.116,1.108,0.238,1.348,1.309,0.96,1.315,1.296
"1985",20243,NA,NA,NA,NA,NA,NA,NA,NA,NA,NA,NA,NA,NA,NA,NA,NA,NA,NA
"1986",20248,NA,NA,NA,NA,NA,NA,NA,NA,NA,NA,NA,NA,NA,NA,NA,NA,NA,NA
"1987",20258,46.86,113.59,90.31,58.41,143.06,129.18,NA,NA,NA,-0.444,1.193,1.189,0.095,1.142,1.447,NA,NA,NA
"1988",20262,26.5,106.68,76.52,70.41,162.54,122.94,NA,NA,NA,-1.462,1.092,0.946,0.662,1.416,1.315,NA,NA,NA
"1989",20273,39.02,125.4,103.09,62.5,145.68,132.94,62.05,119.07,128.9,-0.774,1.223,1.37,0.268,1.198,1.499,-0.116,0.734,1.172
"1990",20276,NA,NA,NA,NA,NA,NA,NA,NA,NA,NA,NA,NA,NA,NA,NA,NA,NA,NA
"1991",20284,53.5,150.72,110.16,63.78,167.06,119.1,61.42,181.85,147.75,-0.123,1.654,1.509,0.346,1.543,1.261,-0.14,1.404,1.508
"1992",20295,69.38,165.4,109.61,80.66,183.92,134.14,97.47,201.41,156.98,0.48,1.851,1.523,1.355,1.778,1.527,1.602,1.86,1.712
"1993",20327,NA,NA,NA,NA,NA,NA,NA,NA,NA,NA,NA,NA,NA,NA,NA,NA,NA,NA
"1994",20335,NA,NA,NA,NA,NA,NA,NA,NA,NA,NA,NA,NA,NA,NA,NA,NA,NA,NA
"1995",20339,NA,NA,NA,NA,NA,NA,96.98,193.9,145.73,NA,NA,NA,NA,NA,NA,1.566,1.628,1.468
"1996",20342,NA,NA,NA,NA,NA,NA,NA,NA,NA,NA,NA,NA,NA,NA,NA,NA,NA,NA
"1997",20346,NA,NA,NA,NA,NA,NA,NA,NA,NA,NA,NA,NA,NA,NA,NA,NA,NA,NA
"1998",20347,74.76,181.33,126.32,91.01,191.91,142.63,102.87,192.74,144.06,0.677,2.048,1.787,1.995,1.952,1.801,2.108,1.601,1.436
"1999",20348,62.56,103.99,108.86,64.71,153.3,135.16,84.33,163.83,145.1,0.181,0.982,1.495,0.402,1.31,1.538,0.82,1.172,1.456
"2000",20352,NA,NA,NA,NA,NA,NA,NA,NA,NA,NA,NA,NA,NA,NA,NA,NA,NA,NA
"2001",20387,49.48,106.77,105.43,77.07,141.97,126.02,96.03,173.4,148.69,-0.332,1.08,1.435,1.06,1.131,1.326,1.496,1.287,1.527
"2002",20389,39.65,92.56,75.68,NA,NA,NA,NA,NA,NA,-0.744,0.873,0.935,NA,NA,NA,NA,NA,NA
"2003",20390,56.89,128.61,92.78,79.93,170.36,118.03,96.06,186.06,139.37,-0.037,1.399,1.234,1.262,1.542,1.184,1.498,1.471,1.35
"2004",20400,NA,NA,NA,NA,NA,NA,NA,NA,NA,NA,NA,NA,NA,NA,NA,NA,NA,NA
"2005",20407,82.72,127.34,118.63,NA,NA,NA,NA,NA,NA,1.001,1.362,1.688,NA,NA,NA,NA,NA,NA
"2006",20409,31.09,84.52,89.69,66.01,108.42,126.79,52.85,105.17,115.16,-1.158,0.734,1.181,0.482,0.814,1.343,-0.47,0.596,0.959
"2007",20416,56.52,149.17,129.2,60.84,181.33,148.66,102.37,200.69,163.16,-0.048,1.621,1.861,0.168,1.771,1.872,2.051,1.831,1.894
"2008",20417,NA,NA,NA,NA,NA,NA,NA,NA,NA,NA,NA,NA,NA,NA,NA,NA,NA,NA
"2009",20426,NA,NA,NA,NA,NA,NA,NA,NA,NA,NA,NA,NA,NA,NA,NA,NA,NA,NA
"2010",20431,NA,NA,NA,NA,NA,NA,NA,NA,NA,NA,NA,NA,NA,NA,NA,NA,NA,NA
"2011",20432,47.73,106.63,92.49,NA,NA,NA,NA,NA,NA,-0.415,1.081,1.223,NA,NA,NA,NA,NA,NA
"2012",20433,NA,NA,NA,NA,NA,NA,NA,NA,NA,NA,NA,NA,NA,NA,NA,NA,NA,NA
"2013",20456,NA,NA,NA,NA,NA,NA,NA,NA,NA,NA,NA,NA,NA,NA,NA,NA,NA,NA
"2014",20457,NA,NA,NA,NA,NA,NA,NA,NA,NA,NA,NA,NA,NA,NA,NA,NA,NA,NA
"2015",20471,48.91,125.84,106.06,68.49,163.77,135.77,NA,NA,NA,-0.341,1.274,1.455,0.594,1.433,1.657,NA,NA,NA
"2016",20489,NA,NA,NA,NA,NA,NA,NA,NA,NA,NA,NA,NA,NA,NA,NA,NA,NA,NA
"2017",20500,NA,NA,NA,NA,NA,NA,NA,NA,NA,NA,NA,NA,NA,NA,NA,NA,NA,NA
"2018",20512,57,146.74,120.53,61.2,164.86,142.97,90.26,160.41,149.49,-0.054,1.557,1.681,0.275,1.415,1.742,1.131,1.134,1.543
"2019",20514,NA,NA,NA,NA,NA,NA,NA,NA,NA,NA,NA,NA,NA,NA,NA,NA,NA,NA
"2020",20522,36.72,123.28,100.39,NA,NA,NA,NA,NA,NA,-0.863,1.205,1.325,NA,NA,NA,NA,NA,NA
"2021",20527,NA,NA,NA,NA,NA,NA,NA,NA,NA,NA,NA,NA,NA,NA,NA,NA,NA,NA
"2022",20543,55.74,148,121.41,66.44,172.22,153.7,92.06,196.73,159.34,-0.112,1.607,1.705,0.54,1.594,1.973,1.237,1.701,1.775
"2023",20545,52.45,146.25,138.72,64.33,166.06,145.77,90.93,168.99,161.7,-0.207,1.527,2.02,0.345,1.486,1.811,1.169,1.232,1.845
"2024",20567,54.66,121.41,118.44,NA,NA,NA,NA,NA,NA,-0.133,1.206,1.697,NA,NA,NA,NA,NA,NA
"2025",20611,77.49,148.28,132.59,81.45,155.12,153.94,98.01,196.48,168.43,0.781,1.597,1.896,1.377,1.372,1.974,1.645,1.694,2.141
"2026",20624,36.5,125.27,97.92,46.47,165.06,121.43,57.62,172.97,148.89,-0.892,1.22,1.29,-0.53,1.425,1.334,-0.286,1.282,1.531
"2027",20642,56.05,87.54,58.51,54.37,106.35,97.89,62.35,128.26,100.73,-0.059,0.76,0.508,-0.086,0.791,0.913,-0.105,0.821,0.755
"2028",20647,51.36,128.02,80.89,52.2,127.07,99.69,87.62,166.14,136.32,-0.266,1.393,1.012,-0.249,1,0.948,0.987,1.199,1.297
"2029",20658,NA,NA,NA,NA,NA,NA,NA,NA,NA,NA,NA,NA,NA,NA,NA,NA,NA,NA
"2030",20660,NA,NA,NA,NA,NA,NA,NA,NA,NA,NA,NA,NA,NA,NA,NA,NA,NA,NA
"2031",20672,NA,NA,NA,NA,NA,NA,NA,NA,NA,NA,NA,NA,NA,NA,NA,NA,NA,NA
"2032",20673,NA,NA,NA,NA,NA,NA,NA,NA,NA,NA,NA,NA,NA,NA,NA,NA,NA,NA
"2033",20682,NA,NA,NA,NA,NA,NA,NA,NA,NA,NA,NA,NA,NA,NA,NA,NA,NA,NA
"2034",20687,NA,NA,NA,NA,NA,NA,NA,NA,NA,NA,NA,NA,NA,NA,NA,NA,NA,NA
"2035",20690,NA,NA,NA,NA,NA,NA,NA,NA,NA,NA,NA,NA,NA,NA,NA,NA,NA,NA
"2036",20691,71.16,177.39,126.39,94.37,187.36,147.15,98.79,200.98,152.2,0.504,1.887,1.801,2.259,1.886,1.834,1.708,1.842,1.6
"2037",20699,50.96,167.03,125.79,75.4,177.49,152.99,NA,NA,NA,-0.284,1.873,1.759,0.929,1.687,1.956,NA,NA,NA
"2038",20701,66.76,141.98,146.6,70.58,198.96,155.91,104.03,206.65,168.68,0.352,1.48,2.207,0.732,2.17,2.034,2.254,2.157,2.158
"2039",20705,40.65,129.63,121.85,64.5,148.32,130.09,79.23,126.32,142.8,-0.692,1.403,1.776,0.374,1.243,1.42,0.583,0.803,1.413
"2040",20708,56.23,130.98,111.94,73.12,147.84,143.86,99.91,191.42,166.9,-0.077,1.387,1.568,0.834,1.208,1.772,1.805,1.572,2.053
"2041",20736,76.44,149.08,121.47,78.9,169.55,152.77,NA,NA,NA,0.721,1.621,1.694,1.237,1.535,1.936,NA,NA,NA
"2042",20742,58.56,147.04,93.08,79.75,178.5,119.91,97.05,204.49,169.08,0.004,1.547,1.247,1.309,1.645,1.277,1.57,2.01,2.186
"2043",20775,NA,NA,NA,NA,NA,NA,NA,NA,NA,NA,NA,NA,NA,NA,NA,NA,NA,NA
"2044",20777,54.28,144.63,100.77,73.03,147.65,116.35,97.58,177.24,126.21,-0.148,1.545,1.329,0.895,1.251,1.208,1.611,1.338,1.129
"2045",20778,NA,NA,NA,NA,NA,NA,NA,NA,NA,NA,NA,NA,NA,NA,NA,NA,NA,NA
"2046",20785,32.58,103.04,71.85,NA,NA,NA,51.74,117.23,118.24,-1.079,1.003,0.815,NA,NA,NA,-0.513,0.717,1.005
"2047",20786,29.14,108.8,77.81,NA,NA,NA,NA,NA,NA,-1.294,1.106,0.975,NA,NA,NA,NA,NA,NA
"2048",20790,53.71,126.05,103.2,52.1,147.19,115.99,86.91,164.02,161.01,-0.209,1.337,1.378,-0.221,1.268,1.175,0.95,1.174,1.823
"2049",20799,32.27,107.37,87.06,41.08,157.89,114.81,NA,NA,NA,-1.098,1.086,1.091,-0.831,1.345,1.164,NA,NA,NA
"2050",20800,NA,NA,NA,NA,NA,NA,NA,NA,NA,NA,NA,NA,NA,NA,NA,NA,NA,NA
"2051",20806,NA,NA,NA,NA,NA,NA,NA,NA,NA,NA,NA,NA,NA,NA,NA,NA,NA,NA
"2052",20838,NA,NA,NA,NA,NA,NA,NA,NA,NA,NA,NA,NA,NA,NA,NA,NA,NA,NA
"2053",20843,NA,NA,NA,NA,NA,NA,NA,NA,NA,NA,NA,NA,NA,NA,NA,NA,NA,NA
"2054",20868,54.75,107.34,75.34,NA,NA,NA,NA,NA,NA,-0.12,1.107,0.912,NA,NA,NA,NA,NA,NA
"2055",20869,39.73,105.02,74.95,67.65,111.28,90.58,NA,NA,NA,-0.72,0.991,0.882,0.551,0.832,0.917,NA,NA,NA
"2056",20903,NA,NA,NA,NA,NA,NA,NA,NA,NA,NA,NA,NA,NA,NA,NA,NA,NA,NA
"2057",20910,51.91,126.98,117.23,84.01,149.91,140.39,100.39,182.82,154.22,-0.248,1.401,1.658,1.467,1.309,1.656,1.85,1.419,1.645
"2058",20912,48.07,144.11,121.07,77.05,166.66,161.02,89.91,160.54,152.55,-0.409,1.551,1.749,1.099,1.467,2.096,1.111,1.136,1.608
"2059",20915,79.27,149.25,103.46,88.63,183.14,116.1,97.95,185.31,149.58,0.921,1.624,1.391,1.782,1.812,1.317,1.64,1.459,1.545
"2060",20932,23.77,73.84,47.96,26.76,101.55,86.28,29.61,107.64,108.15,-1.666,0.519,0.166,-1.813,0.712,0.726,-1.538,0.621,0.858
"2061",20934,NA,NA,NA,NA,NA,NA,NA,NA,NA,NA,NA,NA,NA,NA,NA,NA,NA,NA
"2062",20971,40.61,112.08,74.64,57.47,124.7,99.79,85.59,151.17,127.13,-0.696,1.166,0.897,0.049,0.94,0.971,0.883,1.038,1.144
"2063",20975,42.66,105.76,71.55,61.53,146.84,92.07,56.95,159.3,120.66,-0.656,1.059,0.814,0.276,1.189,0.866,-0.311,1.122,1.042
"2064",20976,40.54,81.08,57.23,56.91,93.35,67.42,54.33,116.23,99.84,-0.71,0.68,0.473,0.009,0.619,0.462,-0.412,0.707,0.743
"2065",20979,45.85,126,93.49,70.84,124.19,120.63,82.46,179.42,146.93,-0.482,1.262,1.257,0.713,0.94,1.356,0.731,1.368,1.492
"2066",20980,NA,NA,NA,NA,NA,NA,NA,NA,NA,NA,NA,NA,NA,NA,NA,NA,NA,NA
"2067",21000,85.26,183.38,153.82,89.45,189.23,161.01,105.34,206.38,171.15,1.088,2.025,2.422,1.831,1.879,2.251,2.447,2.135,2.381
"2068",21001,67.53,159.06,115.95,NA,NA,NA,NA,NA,NA,0.355,1.725,1.586,NA,NA,NA,NA,NA,NA
"2069",21017,NA,NA,NA,NA,NA,NA,NA,NA,NA,NA,NA,NA,NA,NA,NA,NA,NA,NA
"2070",21019,57.38,158.43,135.83,77.26,171.78,154.6,106.55,200.17,162.9,0.004,1.668,1.981,1.139,1.568,1.979,2.668,1.812,1.885
"2071",21023,75.75,185.46,153.71,89.66,196.81,158.77,NA,NA,NA,0.671,2.162,2.453,1.994,2.109,2.121,NA,NA,NA
"2072",21029,67.66,160.18,129.31,82.22,170.4,153.68,104.27,198.51,160.09,0.388,1.731,1.823,1.416,1.551,2.084,2.286,1.755,1.796
"2073",21044,NA,NA,NA,NA,NA,NA,NA,NA,NA,NA,NA,NA,NA,NA,NA,NA,NA,NA
"2074",21050,52.43,146.62,144.85,NA,NA,NA,NA,NA,NA,-0.211,1.584,2.207,NA,NA,NA,NA,NA,NA
"2075",21064,NA,NA,NA,NA,NA,NA,NA,NA,NA,NA,NA,NA,NA,NA,NA,NA,NA,NA
"2076",21072,NA,NA,NA,NA,NA,NA,NA,NA,NA,NA,NA,NA,NA,NA,NA,NA,NA,NA
"2077",21078,82.67,166.21,146.12,82.9,181.6,158.17,101.06,197.18,160.15,0.996,1.884,2.195,1.41,1.781,2.096,1.914,1.714,1.798
"2078",21083,90.77,187.56,144.95,NA,NA,NA,NA,NA,NA,1.456,2.215,2.201,NA,NA,NA,NA,NA,NA
"2079",21085,NA,NA,NA,NA,NA,NA,NA,NA,NA,NA,NA,NA,NA,NA,NA,NA,NA,NA
"2080",21097,NA,NA,NA,NA,NA,NA,NA,NA,NA,NA,NA,NA,NA,NA,NA,NA,NA,NA
"2081",21112,59.97,123.19,112.29,NA,NA,NA,NA,NA,NA,0.081,1.202,1.533,NA,NA,NA,NA,NA,NA
"2082",21120,46.51,122.76,100.85,NA,NA,NA,NA,NA,NA,-0.438,1.202,1.332,NA,NA,NA,NA,NA,NA
"2083",21121,26.67,104.28,75.11,42.13,149.32,122.52,41.44,154.78,123.04,-1.437,0.988,0.904,-0.747,1.299,1.339,-0.938,1.075,1.079
"2084",21125,45.7,98.03,81.46,NA,NA,NA,NA,NA,NA,-0.478,0.921,1.014,NA,NA,NA,NA,NA,NA
"2085",21129,58.97,135.88,105.58,69.77,144.01,129.34,97.92,192.73,143.8,0.027,1.398,1.461,0.672,1.164,1.455,1.638,1.601,1.431
"2086",21133,85.01,177.26,137.38,88.98,189.14,159.14,107.9,204.91,169.89,1.15,1.955,2.041,1.872,1.919,2.122,2.996,2.035,2.251
"2087",21135,43.42,89.91,72.57,59.65,107.48,73.5,NA,NA,NA,-0.589,0.781,0.831,0.192,0.799,0.586,NA,NA,NA
"2088",21141,69.68,169.15,112.25,85.92,187.76,147.74,103.14,206.28,171.39,0.441,1.837,1.526,1.593,1.869,1.909,2.14,2.128,2.413
"2089",21148,59.38,163.83,111.08,74.27,195,144.56,99.08,202.54,160.9,0.016,1.749,1.536,0.892,2.033,1.786,1.733,1.909,1.82
"2090",21156,NA,NA,NA,NA,NA,NA,NA,NA,NA,NA,NA,NA,NA,NA,NA,NA,NA,NA
"2091",21165,34.49,91.72,88.87,54.78,123.93,114.44,62.36,130.72,135.66,-0.994,0.852,1.149,-0.076,0.958,1.16,-0.104,0.844,1.286
"2092",21191,71.44,125.07,100.06,NA,NA,NA,NA,NA,NA,0.506,1.266,1.308,NA,NA,NA,NA,NA,NA
"2093",21202,NA,NA,NA,NA,NA,NA,106.01,202.21,168.67,NA,NA,NA,NA,NA,NA,2.563,1.894,2.157
"2094",21203,77.64,181.75,118.84,94.02,193.11,130.23,105.86,201.06,156,0.863,2.109,1.65,2.349,1.962,1.483,2.536,1.846,1.688
"2095",21211,39.92,106.89,75.7,NA,NA,NA,NA,NA,NA,-0.737,1.141,0.918,NA,NA,NA,NA,NA,NA
"2096",21269,33.64,123.28,90.83,NA,NA,NA,NA,NA,NA,-1.004,1.199,1.219,NA,NA,NA,NA,NA,NA
"2097",21272,44.18,127.33,126.48,65.85,161.2,137.22,NA,NA,NA,-0.541,1.334,1.819,0.472,1.411,1.643,NA,NA,NA
"2098",21273,26.28,104.31,68.97,42.75,107.01,102.87,62.37,152.07,130.33,-1.464,1,0.765,-0.704,0.799,0.936,-0.104,1.047,1.196
"2099",21283,NA,76.87,69.8,NA,NA,NA,NA,NA,NA,NA,0.559,0.782,NA,NA,NA,NA,NA,NA
"2100",21313,41.16,104.15,90.09,56.22,118.46,101.34,NA,NA,NA,-0.675,0.998,1.205,-0.038,0.875,0.993,NA,NA,NA
"2101",21315,NA,NA,NA,NA,NA,NA,NA,NA,NA,NA,NA,NA,NA,NA,NA,NA,NA,NA
"2102",21317,NA,NA,NA,NA,NA,NA,NA,NA,NA,NA,NA,NA,NA,NA,NA,NA,NA,NA
"2103",21330,48.61,111.77,84.18,55.41,146.48,129.86,NA,NA,NA,-0.364,1.092,1.046,-0.062,1.211,1.405,NA,NA,NA
"2104",21333,61.07,147.25,116.58,80.47,147.55,131.36,NA,NA,NA,0.116,1.481,1.593,1.27,1.24,1.426,NA,NA,NA
"2105",21353,NA,NA,NA,NA,NA,NA,NA,NA,NA,NA,NA,NA,NA,NA,NA,NA,NA,NA
"2106",21360,34.8,73.46,70.24,NA,NA,NA,NA,NA,NA,-0.961,0.504,0.793,NA,NA,NA,NA,NA,NA
"2107",21373,51.96,161.99,126.5,NA,NA,NA,NA,NA,NA,-0.228,1.591,1.761,NA,NA,NA,NA,NA,NA
"2108",21398,NA,NA,NA,NA,NA,NA,NA,NA,NA,NA,NA,NA,NA,NA,NA,NA,NA,NA
